0,1,2,3,4,5,6,7,8,9
b'ABa',b'ABal',b'ABala',b'ABalaa',b'ABalaaa',b'ABalaaaa',b'ABalaaaal',b'ABalaaaala',b'ABalaaaalal',b'0.0'
b'ABp',b'ABar',b'ABalp',b'ABalap',b'ABalaap',b'ABalaaap',b'ABalaaaar',b'ABalaaaalp',b'ABalaaaalar',b'0.0'
b'0.0',b'ABpl',b'ABara',b'ABalpa',b'ABalapa',b'ABalaapa',b'ABalaaapa',b'ABalaaaarl',b'ABalaaaalpa',b'0.0'
b'0.0',b'ABpr',b'ABarp',b'ABalpp',b'ABalapp',b'ABalaapp',b'ABalaaapp',b'ABalaaaarr',b'ABalaaaalpp',b'0.0'
b'0.0',b'0.0',b'ABpla',b'ABaraa',b'ABalpaa',b'ABalapaa',b'ABalaapaa',b'ABalaaapal',b'ABalaaaarla',b'0.0'
b'0.0',b'0.0',b'ABplp',b'ABarap',b'ABalpap',b'ABalapap',b'ABalaapap',b'ABalaaapar',b'ABalaaaarlp',b'0.0'
b'0.0',b'0.0',b'ABpra',b'ABarpa',b'ABalppa',b'ABalappa',b'ABalaappa',b'ABalaaappl',b'ABalaaaarra',b'0.0'
b'0.0',b'0.0',b'ABprp',b'ABarpp',b'ABalppp',b'ABalappp',b'ABalaappp',b'ABalaaappr',b'ABalaaaarrp',b'0.0'
b'0.0',b'0.0',b'0.0',b'ABplaa',b'ABaraaa',b'ABalpaaa',b'ABalapaaa',b'ABalaapaaa',b'ABalaaapall',b'0.0'
b'0.0',b'0.0',b'0.0',b'ABplap',b'ABaraap',b'ABalpaap',b'ABalapaap',b'ABalaapaap',b'ABalaaapalr',b'0.0'
b'0.0',b'0.0',b'0.0',b'ABplpa',b'ABarapa',b'ABalpapa',b'ABalapapa',b'ABalaapapa',b'ABalaaaparl',b'0.0'
b'0.0',b'0.0',b'0.0',b'ABplpp',b'ABarapp',b'ABalpapp',b'ABalapapp',b'ABalaapapp',b'ABalaaaparr',b'0.0'
b'0.0',b'0.0',b'0.0',b'ABpraa',b'ABarpaa',b'ABalppaa',b'ABalappaa',b'ABalaappaa',b'ABalaaappll',b'0.0'
b'0.0',b'0.0',b'0.0',b'ABprap',b'ABarpap',b'ABalppap',b'ABalappap',b'ABalaappap',b'ABalaaapplr',b'0.0'
b'0.0',b'0.0',b'0.0',b'ABprpa',b'ABarppa',b'ABalpppa',b'ABalapppa',b'ABalaapppa',b'ABalaaapprl',b'0.0'
b'0.0',b'0.0',b'0.0',b'ABprpp',b'ABarppp',b'ABalpppp',b'ABalapppp',b'ABalaapppp',b'ABalaaapprr',b'0.0'
b'0.0',b'0.0',b'0.0',b'0.0',b'ABplaaa',b'ABaraaaa',b'ABalpaaaa',b'ABalapaaaa',b'ABalaapaaal',b'0.0'
b'0.0',b'0.0',b'0.0',b'0.0',b'ABplaap',b'ABaraaap',b'ABalpaaap',b'ABalapaaap',b'ABalaapaaar',b'0.0'
b'0.0',b'0.0',b'0.0',b'0.0',b'ABplapa',b'ABaraapa',b'ABalpaapa',b'ABalapaapa',b'ABalaapaapa',b'0.0'
b'0.0',b'0.0',b'0.0',b'0.0',b'ABplapp',b'ABaraapp',b'ABalpaapp',b'ABalapaapp',b'ABalaapaapp',b'0.0'
b'0.0',b'0.0',b'0.0',b'0.0',b'ABplpaa',b'ABarapaa',b'ABalpapaa',b'ABalapapaa',b'ABalaapapaa',b'0.0'
b'0.0',b'0.0',b'0.0',b'0.0',b'ABplpap',b'ABarapap',b'ABalpapap',b'ABalapapap',b'ABalaapapap',b'0.0'
b'0.0',b'0.0',b'0.0',b'0.0',b'ABplppa',b'ABarappa',b'ABalpappa',b'ABalapappa',b'ABalaapappa',b'0.0'
b'0.0',b'0.0',b'0.0',b'0.0',b'ABplppp',b'ABarappp',b'ABalpappp',b'ABalapappp',b'ABalaapappp',b'0.0'
b'0.0',b'0.0',b'0.0',b'0.0',b'ABpraaa',b'ABarpaaa',b'ABalppaaa',b'ABalappaaa',b'ABalaappaaa',b'0.0'
b'0.0',b'0.0',b'0.0',b'0.0',b'ABpraap',b'ABarpaap',b'ABalppaap',b'ABalappaap',b'ABalaappaap',b'0.0'
b'0.0',b'0.0',b'0.0',b'0.0',b'ABprapa',b'ABarpapa',b'ABalppapa',b'ABalappapa',b'ABalaappapa',b'0.0'
b'0.0',b'0.0',b'0.0',b'0.0',b'ABprapp',b'ABarpapp',b'ABalppapp',b'ABalappapp',b'ABalaappapp',b'0.0'
b'0.0',b'0.0',b'0.0',b'0.0',b'ABprpaa',b'ABarppaa',b'ABalpppaa',b'ABalapppaa',b'ABalaapppaa',b'0.0'
b'0.0',b'0.0',b'0.0',b'0.0',b'ABprpap',b'ABarppap',b'ABalpppap',b'ABalapppap',b'ABalaapppap',b'0.0'
b'0.0',b'0.0',b'0.0',b'0.0',b'ABprppa',b'ABarpppa',b'ABalppppa',b'ABalappppa',b'ABalaappppa',b'0.0'
b'0.0',b'0.0',b'0.0',b'0.0',b'ABprppp',b'ABarpppp',b'ABalppppp',b'ABalappppp',b'ABalaappppp',b'0.0'
b'0.0',b'0.0',b'0.0',b'0.0',b'0.0',b'ABplaaaa',b'ABaraaaaa',b'ABalpaaaaa',b'ABalapaaaaa',b'0.0'
b'0.0',b'0.0',b'0.0',b'0.0',b'0.0',b'ABplaaap',b'ABaraaaap',b'ABalpaaaap',b'ABalapaaaap',b'0.0'
b'0.0',b'0.0',b'0.0',b'0.0',b'0.0',b'ABplaapa',b'ABaraaapa',b'ABalpaaapa',b'ABalapaaapa',b'0.0'
b'0.0',b'0.0',b'0.0',b'0.0',b'0.0',b'ABplaapp',b'ABaraaapp',b'ABalpaaapp',b'ABalapaaapp',b'0.0'
b'0.0',b'0.0',b'0.0',b'0.0',b'0.0',b'ABplapaa',b'ABaraapaa',b'ABalpaapaa',b'ABalapaapaa',b'0.0'
b'0.0',b'0.0',b'0.0',b'0.0',b'0.0',b'ABplapap',b'ABaraapap',b'ABalpaapap',b'ABalapaapap',b'0.0'
b'0.0',b'0.0',b'0.0',b'0.0',b'0.0',b'ABplappa',b'ABaraappa',b'ABalpaappa',b'ABalapaappa',b'0.0'
b'0.0',b'0.0',b'0.0',b'0.0',b'0.0',b'ABplappp',b'ABaraappp',b'ABalpaappp',b'ABalapaappp',b'0.0'
b'0.0',b'0.0',b'0.0',b'0.0',b'0.0',b'ABplpaaa',b'ABarapaaa',b'ABalpapaaa',b'ABalapapaaa',b'0.0'
b'0.0',b'0.0',b'0.0',b'0.0',b'0.0',b'ABplpaap',b'ABarapaap',b'ABalpapaap',b'ABalapapaap',b'0.0'
b'0.0',b'0.0',b'0.0',b'0.0',b'0.0',b'ABplpapa',b'ABarapapa',b'ABalpapapa',b'ABalapapapa',b'0.0'
b'0.0',b'0.0',b'0.0',b'0.0',b'0.0',b'ABplpapp',b'ABarapapp',b'ABalpapapp',b'ABalapapapp',b'0.0'
b'0.0',b'0.0',b'0.0',b'0.0',b'0.0',b'ABplppaa',b'ABarappaa',b'ABalpappaa',b'ABalapappaa',b'0.0'
b'0.0',b'0.0',b'0.0',b'0.0',b'0.0',b'ABplppap',b'ABarappap',b'ABalpappap',b'ABalapappap',b'0.0'
b'0.0',b'0.0',b'0.0',b'0.0',b'0.0',b'ABplpppa',b'ABarapppa',b'ABalpapppa',b'ABalapapppa',b'0.0'
b'0.0',b'0.0',b'0.0',b'0.0',b'0.0',b'ABplpppp',b'ABarapppp',b'ABalpapppp',b'ABalapapppp',b'0.0'
b'0.0',b'0.0',b'0.0',b'0.0',b'0.0',b'ABpraaaa',b'ABarpaaaa',b'ABalppaaaa',b'ABalappaaaa',b'0.0'
b'0.0',b'0.0',b'0.0',b'0.0',b'0.0',b'ABpraaap',b'ABarpaaap',b'ABalppaaap',b'ABalappaaap',b'0.0'
b'0.0',b'0.0',b'0.0',b'0.0',b'0.0',b'ABpraapa',b'ABarpaapa',b'ABalppaapa',b'ABalappaapa',b'0.0'
b'0.0',b'0.0',b'0.0',b'0.0',b'0.0',b'ABpraapp',b'ABarpaapp',b'ABalppaapp',b'ABalappaapp',b'0.0'
b'0.0',b'0.0',b'0.0',b'0.0',b'0.0',b'ABprapaa',b'ABarpapaa',b'ABalppapaa',b'ABalappapaa',b'0.0'
b'0.0',b'0.0',b'0.0',b'0.0',b'0.0',b'ABprapap',b'ABarpapap',b'ABalppapap',b'ABalappapap',b'0.0'
b'0.0',b'0.0',b'0.0',b'0.0',b'0.0',b'ABprappa',b'ABarpappa',b'ABalppappa',b'ABalappappa',b'0.0'
b'0.0',b'0.0',b'0.0',b'0.0',b'0.0',b'ABprappp',b'ABarpappp',b'ABalppappp',b'ABalappappp',b'0.0'
b'0.0',b'0.0',b'0.0',b'0.0',b'0.0',b'ABprpaaa',b'ABarppaaa',b'ABalpppaaa',b'ABalapppaaa',b'0.0'
b'0.0',b'0.0',b'0.0',b'0.0',b'0.0',b'ABprpaap',b'ABarppaap',b'ABalpppaap',b'ABalapppaap',b'0.0'
b'0.0',b'0.0',b'0.0',b'0.0',b'0.0',b'ABprpapa',b'ABarppapa',b'ABalpppapa',b'ABalapppapa',b'0.0'
b'0.0',b'0.0',b'0.0',b'0.0',b'0.0',b'ABprpapp',b'ABarppapp',b'ABalpppapp',b'ABalapppapp',b'0.0'
b'0.0',b'0.0',b'0.0',b'0.0',b'0.0',b'ABprppaa',b'ABarpppaa',b'ABalppppaa',b'ABalappppaa',b'ABalaappppaa'
b'0.0',b'0.0',b'0.0',b'0.0',b'0.0',b'ABprppap',b'ABarpppap',b'ABalppppap',b'ABalappppap',b'ABalaappppap'
b'0.0',b'0.0',b'0.0',b'0.0',b'0.0',b'ABprpppa',b'ABarppppa',b'ABalpppppa',b'ABalapppppa',b'0.0'
b'0.0',b'0.0',b'0.0',b'0.0',b'0.0',b'ABprpppp',b'ABarppppp',b'ABalpppppp',b'ABalapppppp',b'0.0'
b'0.0',b'0.0',b'0.0',b'0.0',b'0.0',b'0.0',b'ABplaaaaa',b'ABaraaaaaa',b'ABalpaaaaaa',b'0.0'
b'0.0',b'0.0',b'0.0',b'0.0',b'0.0',b'0.0',b'ABplaaaap',b'ABaraaaaap',b'ABalpaaaaap',b'0.0'
b'0.0',b'0.0',b'0.0',b'0.0',b'0.0',b'0.0',b'ABplaaapa',b'ABaraaaapa',b'ABalpaaaapa',b'0.0'
b'0.0',b'0.0',b'0.0',b'0.0',b'0.0',b'0.0',b'ABplaaapp',b'ABaraaaapp',b'ABalpaaaapp',b'0.0'
b'0.0',b'0.0',b'0.0',b'0.0',b'0.0',b'0.0',b'ABplaapaa',b'ABaraaapaa',b'ABalpaaapaa',b'0.0'
b'0.0',b'0.0',b'0.0',b'0.0',b'0.0',b'0.0',b'ABplaapap',b'ABaraaapap',b'ABalpaaapap',b'0.0'
b'0.0',b'0.0',b'0.0',b'0.0',b'0.0',b'0.0',b'ABplaappa',b'ABaraaappa',b'ABalpaaappa',b'0.0'
b'0.0',b'0.0',b'0.0',b'0.0',b'0.0',b'0.0',b'ABplaappp',b'ABaraaappp',b'ABalpaaappp',b'0.0'
b'0.0',b'0.0',b'0.0',b'0.0',b'0.0',b'0.0',b'ABplapaaa',b'ABaraapaaa',b'ABalpaapaaa',b'0.0'
b'0.0',b'0.0',b'0.0',b'0.0',b'0.0',b'0.0',b'ABplapaap',b'ABaraapaap',b'ABalpaapaap',b'0.0'
b'0.0',b'0.0',b'0.0',b'0.0',b'0.0',b'0.0',b'ABplapapa',b'ABaraapapa',b'ABalpaapapa',b'0.0'
b'0.0',b'0.0',b'0.0',b'0.0',b'0.0',b'0.0',b'ABplapapp',b'ABaraapapp',b'ABalpaapapp',b'0.0'
b'0.0',b'0.0',b'0.0',b'0.0',b'0.0',b'0.0',b'ABplappaa',b'ABaraappaa',b'ABalpaappaa',b'ABalapaappaa'
b'0.0',b'0.0',b'0.0',b'0.0',b'0.0',b'0.0',b'ABplappap',b'ABaraappap',b'ABalpaappap',b'ABalapaappap'
b'0.0',b'0.0',b'0.0',b'0.0',b'0.0',b'0.0',b'ABplapppa',b'ABaraapppa',b'ABalpaapppa',b'0.0'
b'0.0',b'0.0',b'0.0',b'0.0',b'0.0',b'0.0',b'ABplapppp',b'ABaraapppp',b'ABalpaapppp',b'0.0'
b'0.0',b'0.0',b'0.0',b'0.0',b'0.0',b'0.0',b'ABplpaaaa',b'ABarapaaaa',b'ABalpapaaaa',b'0.0'
b'0.0',b'0.0',b'0.0',b'0.0',b'0.0',b'0.0',b'ABplpaaap',b'ABarapaaap',b'ABalpapaaap',b'0.0'
b'0.0',b'0.0',b'0.0',b'0.0',b'0.0',b'0.0',b'ABplpaapa',b'ABarapaapa',b'ABalpapaapa',b'0.0'
b'0.0',b'0.0',b'0.0',b'0.0',b'0.0',b'0.0',b'ABplpaapp',b'ABarapaapp',b'ABalpapaapp',b'0.0'
b'0.0',b'0.0',b'0.0',b'0.0',b'0.0',b'0.0',b'ABplpapaa',b'ABarapapaa',b'ABalpapapaa',b'ABalapapapaa'
b'0.0',b'0.0',b'0.0',b'0.0',b'0.0',b'0.0',b'ABplpapap',b'ABarapapap',b'ABalpapapap',b'ABalapapapap'
b'0.0',b'0.0',b'0.0',b'0.0',b'0.0',b'0.0',b'ABplpappa',b'ABarapappa',b'ABalpapappa',b'0.0'
b'0.0',b'0.0',b'0.0',b'0.0',b'0.0',b'0.0',b'ABplpappp',b'ABarapappp',b'ABalpapappp',b'0.0'
b'0.0',b'0.0',b'0.0',b'0.0',b'0.0',b'0.0',b'ABplppaaa',b'ABarappaaa',b'ABalpappaaa',b'ABalapappaaa'
b'0.0',b'0.0',b'0.0',b'0.0',b'0.0',b'0.0',b'ABplppaap',b'ABarappaap',b'ABalpappaap',b'ABalapappaap'
b'0.0',b'0.0',b'0.0',b'0.0',b'0.0',b'0.0',b'ABplppapa',b'ABarappapa',b'ABalpappapa',b'0.0'
b'0.0',b'0.0',b'0.0',b'0.0',b'0.0',b'0.0',b'ABplppapp',b'ABarappapp',b'ABalpappapp',b'0.0'
b'0.0',b'0.0',b'0.0',b'0.0',b'0.0',b'0.0',b'ABplpppaa',b'ABarapppaa',b'ABalpapppaa',b'0.0'
b'0.0',b'0.0',b'0.0',b'0.0',b'0.0',b'0.0',b'ABplpppap',b'ABarapppap',b'ABalpapppap',b'0.0'
b'0.0',b'0.0',b'0.0',b'0.0',b'0.0',b'0.0',b'ABplppppa',b'ABarappppa',b'ABalpappppa',b'0.0'
b'0.0',b'0.0',b'0.0',b'0.0',b'0.0',b'0.0',b'ABplppppp',b'ABarappppp',b'ABalpappppp',b'0.0'
b'0.0',b'0.0',b'0.0',b'0.0',b'0.0',b'0.0',b'ABpraaaaa',b'ABarpaaaaa',b'ABalppaaaaa',b'0.0'
b'0.0',b'0.0',b'0.0',b'0.0',b'0.0',b'0.0',b'ABpraaaap',b'ABarpaaaap',b'ABalppaaaap',b'0.0'
b'0.0',b'0.0',b'0.0',b'0.0',b'0.0',b'0.0',b'ABpraaapa',b'ABarpaaapa',b'ABalppaaapa',b'0.0'
b'0.0',b'0.0',b'0.0',b'0.0',b'0.0',b'0.0',b'ABpraaapp',b'ABarpaaapp',b'ABalppaaapp',b'0.0'
b'0.0',b'0.0',b'0.0',b'0.0',b'0.0',b'0.0',b'ABpraapaa',b'ABarpaapaa',b'ABalppaapaa',b'0.0'
b'0.0',b'0.0',b'0.0',b'0.0',b'0.0',b'0.0',b'ABpraapap',b'ABarpaapap',b'ABalppaapap',b'0.0'
b'0.0',b'0.0',b'0.0',b'0.0',b'0.0',b'0.0',b'ABpraappa',b'ABarpaappa',b'ABalppaappa',b'0.0'
b'0.0',b'0.0',b'0.0',b'0.0',b'0.0',b'0.0',b'ABpraappp',b'ABarpaappp',b'ABalppaappp',b'0.0'
b'0.0',b'0.0',b'0.0',b'0.0',b'0.0',b'0.0',b'ABprapaaa',b'ABarpapaaa',b'ABalppapaaa',b'0.0'
b'0.0',b'0.0',b'0.0',b'0.0',b'0.0',b'0.0',b'ABprapaap',b'ABarpapaap',b'ABalppapaap',b'0.0'
b'0.0',b'0.0',b'0.0',b'0.0',b'0.0',b'0.0',b'ABprapapa',b'ABarpapapa',b'ABalppapapa',b'0.0'
b'0.0',b'0.0',b'0.0',b'0.0',b'0.0',b'0.0',b'ABprapapp',b'ABarpapapp',b'ABalppapapp',b'0.0'
b'0.0',b'0.0',b'0.0',b'0.0',b'0.0',b'0.0',b'ABprappaa',b'ABarpappaa',b'ABalppappaa',b'0.0'
b'0.0',b'0.0',b'0.0',b'0.0',b'0.0',b'0.0',b'ABprappap',b'ABarpappap',b'ABalppappap',b'0.0'
b'0.0',b'0.0',b'0.0',b'0.0',b'0.0',b'0.0',b'ABprapppa',b'ABarpapppa',b'ABalppapppa',b'0.0'
b'0.0',b'0.0',b'0.0',b'0.0',b'0.0',b'0.0',b'ABprapppp',b'ABarpapppp',b'ABalppapppp',b'0.0'
b'0.0',b'0.0',b'0.0',b'0.0',b'0.0',b'0.0',b'ABprpaaaa',b'ABarppaaaa',b'ABalpppaaaa',b'0.0'
b'0.0',b'0.0',b'0.0',b'0.0',b'0.0',b'0.0',b'ABprpaaap',b'ABarppaaap',b'ABalpppaaap',b'0.0'
b'0.0',b'0.0',b'0.0',b'0.0',b'0.0',b'0.0',b'ABprpaapa',b'ABarppaapa',b'ABalpppaapd',b'ABalapppaapa'
b'0.0',b'0.0',b'0.0',b'0.0',b'0.0',b'0.0',b'ABprpaapp',b'ABarppaapp',b'ABalpppaapv',b'ABalapppaapp'
b'0.0',b'0.0',b'0.0',b'0.0',b'0.0',b'0.0',b'ABprpapaa',b'ABarppapaa',b'ABalpppapad',b'ABalapppapaa'
b'0.0',b'0.0',b'0.0',b'0.0',b'0.0',b'0.0',b'ABprpapap',b'ABarppapap',b'ABalpppapav',b'ABalapppapap'
b'0.0',b'0.0',b'0.0',b'0.0',b'0.0',b'0.0',b'ABprpappa',b'ABarppappa',b'ABalpppappa',b'0.0'
b'0.0',b'0.0',b'0.0',b'0.0',b'0.0',b'0.0',b'ABprpappp',b'ABarppappp',b'ABalpppappp',b'0.0'
b'0.0',b'0.0',b'0.0',b'0.0',b'0.0',b'0.0',b'ABprppaaa',b'ABarpppaaa',b'ABalppppaad',b'ABalappppaaa'
b'0.0',b'0.0',b'0.0',b'0.0',b'0.0',b'0.0',b'ABprppaap',b'ABarpppaap',b'ABalppppaav',b'ABalappppaap'
b'0.0',b'0.0',b'0.0',b'0.0',b'0.0',b'0.0',b'ABprppapa',b'ABarpppapa',b'ABalppppapa',b'0.0'
b'0.0',b'0.0',b'0.0',b'0.0',b'0.0',b'0.0',b'ABprppapp',b'ABarpppapp',b'ABalppppapp',b'0.0'
b'0.0',b'0.0',b'0.0',b'0.0',b'0.0',b'0.0',b'ABprpppaa',b'ABarppppaa',b'ABalpppppaa',b'0.0'
b'0.0',b'0.0',b'0.0',b'0.0',b'0.0',b'0.0',b'ABprpppap',b'ABarppppap',b'ABalpppppap',b'0.0'
b'0.0',b'0.0',b'0.0',b'0.0',b'0.0',b'0.0',b'ABprppppa',b'ABarpppppa',b'ABalppppppa',b'ABalappppppa'
b'0.0',b'0.0',b'0.0',b'0.0',b'0.0',b'0.0',b'ABprppppp',b'ABarpppppp',b'ABalppppppp',b'ABalappppppp'
b'0.0',b'0.0',b'0.0',b'0.0',b'0.0',b'0.0',b'0.0',b'ABplaaaaaa',b'ABaraaaaaaa',b'0.0'
b'0.0',b'0.0',b'0.0',b'0.0',b'0.0',b'0.0',b'0.0',b'ABplaaaaap',b'ABaraaaaaap',b'0.0'
b'0.0',b'0.0',b'0.0',b'0.0',b'0.0',b'0.0',b'0.0',b'ABplaaaapa',b'ABaraaaaapa',b'0.0'
b'0.0',b'0.0',b'0.0',b'0.0',b'0.0',b'0.0',b'0.0',b'ABplaaaapp',b'ABaraaaaapp',b'0.0'
b'0.0',b'0.0',b'0.0',b'0.0',b'0.0',b'0.0',b'0.0',b'ABplaaapaa',b'ABaraaaapaa',b'0.0'
b'0.0',b'0.0',b'0.0',b'0.0',b'0.0',b'0.0',b'0.0',b'ABplaaapap',b'ABaraaaapap',b'0.0'
b'0.0',b'0.0',b'0.0',b'0.0',b'0.0',b'0.0',b'0.0',b'ABplaaappa',b'ABaraaaappa',b'0.0'
b'0.0',b'0.0',b'0.0',b'0.0',b'0.0',b'0.0',b'0.0',b'ABplaaappp',b'ABaraaaappp',b'0.0'
b'0.0',b'0.0',b'0.0',b'0.0',b'0.0',b'0.0',b'0.0',b'ABplaapaaa',b'ABaraaapaaa',b'0.0'
b'0.0',b'0.0',b'0.0',b'0.0',b'0.0',b'0.0',b'0.0',b'ABplaapaap',b'ABaraaapaap',b'0.0'
b'0.0',b'0.0',b'0.0',b'0.0',b'0.0',b'0.0',b'0.0',b'ABplaapapa',b'ABaraaapapa',b'0.0'
b'0.0',b'0.0',b'0.0',b'0.0',b'0.0',b'0.0',b'0.0',b'ABplaapapp',b'ABaraaapapp',b'0.0'
b'0.0',b'0.0',b'0.0',b'0.0',b'0.0',b'0.0',b'0.0',b'ABplaappaa',b'ABaraaappaa',b'0.0'
b'0.0',b'0.0',b'0.0',b'0.0',b'0.0',b'0.0',b'0.0',b'ABplaappap',b'ABaraaappap',b'0.0'
b'0.0',b'0.0',b'0.0',b'0.0',b'0.0',b'0.0',b'0.0',b'ABplaapppa',b'ABaraaapppa',b'0.0'
b'0.0',b'0.0',b'0.0',b'0.0',b'0.0',b'0.0',b'0.0',b'ABplaapppp',b'ABaraaapppp',b'0.0'
b'0.0',b'0.0',b'0.0',b'0.0',b'0.0',b'0.0',b'0.0',b'ABplapaaaa',b'ABaraapaaaa',b'0.0'
b'0.0',b'0.0',b'0.0',b'0.0',b'0.0',b'0.0',b'0.0',b'ABplapaaap',b'ABaraapaaap',b'0.0'
b'0.0',b'0.0',b'0.0',b'0.0',b'0.0',b'0.0',b'0.0',b'ABplapaapa',b'ABaraapaapa',b'0.0'
b'0.0',b'0.0',b'0.0',b'0.0',b'0.0',b'0.0',b'0.0',b'ABplapaapp',b'ABaraapaapp',b'0.0'
b'0.0',b'0.0',b'0.0',b'0.0',b'0.0',b'0.0',b'0.0',b'ABplapapaa',b'ABaraapapaa',b'0.0'
b'0.0',b'0.0',b'0.0',b'0.0',b'0.0',b'0.0',b'0.0',b'ABplapapap',b'ABaraapapap',b'0.0'
b'0.0',b'0.0',b'0.0',b'0.0',b'0.0',b'0.0',b'0.0',b'ABplapappa',b'ABaraapappa',b'0.0'
b'0.0',b'0.0',b'0.0',b'0.0',b'0.0',b'0.0',b'0.0',b'ABplapappp',b'ABaraapappp',b'0.0'
b'0.0',b'0.0',b'0.0',b'0.0',b'0.0',b'0.0',b'0.0',b'ABplappaaa',b'ABaraappaaa',b'0.0'
b'0.0',b'0.0',b'0.0',b'0.0',b'0.0',b'0.0',b'0.0',b'ABplappaap',b'ABaraappaap',b'0.0'
b'0.0',b'0.0',b'0.0',b'0.0',b'0.0',b'0.0',b'0.0',b'ABplappapa',b'ABaraappapa',b'0.0'
b'0.0',b'0.0',b'0.0',b'0.0',b'0.0',b'0.0',b'0.0',b'ABplappapp',b'ABaraappapp',b'0.0'
b'0.0',b'0.0',b'0.0',b'0.0',b'0.0',b'0.0',b'0.0',b'ABplapppaa',b'ABaraapppaa',b'0.0'
b'0.0',b'0.0',b'0.0',b'0.0',b'0.0',b'0.0',b'0.0',b'ABplapppap',b'ABaraapppap',b'0.0'
b'0.0',b'0.0',b'0.0',b'0.0',b'0.0',b'0.0',b'0.0',b'ABplappppa',b'ABaraappppa',b'0.0'
b'0.0',b'0.0',b'0.0',b'0.0',b'0.0',b'0.0',b'0.0',b'ABplappppp',b'ABaraappppp',b'0.0'
b'0.0',b'0.0',b'0.0',b'0.0',b'0.0',b'0.0',b'0.0',b'ABplpaaaaa',b'ABarapaaaaa',b'0.0'
b'0.0',b'0.0',b'0.0',b'0.0',b'0.0',b'0.0',b'0.0',b'ABplpaaaap',b'ABarapaaaap',b'0.0'
b'0.0',b'0.0',b'0.0',b'0.0',b'0.0',b'0.0',b'0.0',b'ABplpaaapa',b'ABarapaaapa',b'0.0'
b'0.0',b'0.0',b'0.0',b'0.0',b'0.0',b'0.0',b'0.0',b'ABplpaaapp',b'ABarapaaapp',b'0.0'
b'0.0',b'0.0',b'0.0',b'0.0',b'0.0',b'0.0',b'0.0',b'ABplpaapaa',b'ABarapaapaa',b'0.0'
b'0.0',b'0.0',b'0.0',b'0.0',b'0.0',b'0.0',b'0.0',b'ABplpaapap',b'ABarapaapap',b'0.0'
b'0.0',b'0.0',b'0.0',b'0.0',b'0.0',b'0.0',b'0.0',b'ABplpaappa',b'ABarapaappa',b'0.0'
b'0.0',b'0.0',b'0.0',b'0.0',b'0.0',b'0.0',b'0.0',b'ABplpaappp',b'ABarapaappp',b'0.0'
b'0.0',b'0.0',b'0.0',b'0.0',b'0.0',b'0.0',b'0.0',b'ABplpapaaa',b'ABarapapaaa',b'0.0'
b'0.0',b'0.0',b'0.0',b'0.0',b'0.0',b'0.0',b'0.0',b'ABplpapaap',b'ABarapapaap',b'0.0'
b'0.0',b'0.0',b'0.0',b'0.0',b'0.0',b'0.0',b'0.0',b'ABplpapapa',b'ABarapapapa',b'ABalpapapapa'
b'0.0',b'0.0',b'0.0',b'0.0',b'0.0',b'0.0',b'0.0',b'ABplpapapp',b'ABarapapapp',b'ABalpapapapp'
b'0.0',b'0.0',b'0.0',b'0.0',b'0.0',b'0.0',b'0.0',b'ABplpappaa',b'ABarapappaa',b'0.0'
b'0.0',b'0.0',b'0.0',b'0.0',b'0.0',b'0.0',b'0.0',b'ABplpappap',b'ABarapappap',b'0.0'
b'0.0',b'0.0',b'0.0',b'0.0',b'0.0',b'0.0',b'0.0',b'ABplpapppa',b'ABarapapppa',b'0.0'
b'0.0',b'0.0',b'0.0',b'0.0',b'0.0',b'0.0',b'0.0',b'ABplpapppp',b'ABarapapppp',b'0.0'
b'0.0',b'0.0',b'0.0',b'0.0',b'0.0',b'0.0',b'0.0',b'ABplppaaaa',b'ABarappaaaa',b'0.0'
b'0.0',b'0.0',b'0.0',b'0.0',b'0.0',b'0.0',b'0.0',b'ABplppaaap',b'ABarappaaap',b'0.0'
b'0.0',b'0.0',b'0.0',b'0.0',b'0.0',b'0.0',b'0.0',b'ABplppaapa',b'ABarappaapa',b'ABalpappaapa'
b'0.0',b'0.0',b'0.0',b'0.0',b'0.0',b'0.0',b'0.0',b'ABplppaapp',b'ABarappaapp',b'ABalpappaapp'
b'0.0',b'0.0',b'0.0',b'0.0',b'0.0',b'0.0',b'0.0',b'ABplppapaa',b'ABarappapaa',b'0.0'
b'0.0',b'0.0',b'0.0',b'0.0',b'0.0',b'0.0',b'0.0',b'ABplppapap',b'ABarappapap',b'0.0'
b'0.0',b'0.0',b'0.0',b'0.0',b'0.0',b'0.0',b'0.0',b'ABplppappa',b'ABarappappa',b'0.0'
b'0.0',b'0.0',b'0.0',b'0.0',b'0.0',b'0.0',b'0.0',b'ABplppappp',b'ABarappappp',b'0.0'
b'0.0',b'0.0',b'0.0',b'0.0',b'0.0',b'0.0',b'0.0',b'ABplpppaaa',b'ABarapppaaa',b'0.0'
b'0.0',b'0.0',b'0.0',b'0.0',b'0.0',b'0.0',b'0.0',b'ABplpppaap',b'ABarapppaap',b'0.0'
b'0.0',b'0.0',b'0.0',b'0.0',b'0.0',b'0.0',b'0.0',b'ABplpppapa',b'ABarapppapa',b'0.0'
b'0.0',b'0.0',b'0.0',b'0.0',b'0.0',b'0.0',b'0.0',b'ABplpppapp',b'ABarapppapp',b'0.0'
b'0.0',b'0.0',b'0.0',b'0.0',b'0.0',b'0.0',b'0.0',b'ABplppppaa',b'ABarappppaa',b'0.0'
b'0.0',b'0.0',b'0.0',b'0.0',b'0.0',b'0.0',b'0.0',b'ABplppppap',b'ABarappppap',b'0.0'
b'0.0',b'0.0',b'0.0',b'0.0',b'0.0',b'0.0',b'0.0',b'ABplpppppa',b'ABarapppppa',b'0.0'
b'0.0',b'0.0',b'0.0',b'0.0',b'0.0',b'0.0',b'0.0',b'ABplpppppp',b'ABarapppppp',b'0.0'
b'0.0',b'0.0',b'0.0',b'0.0',b'0.0',b'0.0',b'0.0',b'ABpraaaaaa',b'ABarpaaaaal',b'0.0'
b'0.0',b'0.0',b'0.0',b'0.0',b'0.0',b'0.0',b'0.0',b'ABpraaaaap',b'ABarpaaaaar',b'0.0'
b'0.0',b'0.0',b'0.0',b'0.0',b'0.0',b'0.0',b'0.0',b'ABpraaaapa',b'ABarpaaaapa',b'0.0'
b'0.0',b'0.0',b'0.0',b'0.0',b'0.0',b'0.0',b'0.0',b'ABpraaaapp',b'ABarpaaaapp',b'0.0'
b'0.0',b'0.0',b'0.0',b'0.0',b'0.0',b'0.0',b'0.0',b'ABpraaapaa',b'ABarpaaapaa',b'0.0'
b'0.0',b'0.0',b'0.0',b'0.0',b'0.0',b'0.0',b'0.0',b'ABpraaapap',b'ABarpaaapap',b'0.0'
b'0.0',b'0.0',b'0.0',b'0.0',b'0.0',b'0.0',b'0.0',b'ABpraaappa',b'ABarpaaappa',b'0.0'
b'0.0',b'0.0',b'0.0',b'0.0',b'0.0',b'0.0',b'0.0',b'ABpraaappp',b'ABarpaaappp',b'0.0'
b'0.0',b'0.0',b'0.0',b'0.0',b'0.0',b'0.0',b'0.0',b'ABpraapaaa',b'ABarpaapaaa',b'0.0'
b'0.0',b'0.0',b'0.0',b'0.0',b'0.0',b'0.0',b'0.0',b'ABpraapaap',b'ABarpaapaap',b'0.0'
b'0.0',b'0.0',b'0.0',b'0.0',b'0.0',b'0.0',b'0.0',b'ABpraapapa',b'ABarpaapapa',b'0.0'
b'0.0',b'0.0',b'0.0',b'0.0',b'0.0',b'0.0',b'0.0',b'ABpraapapp',b'ABarpaapapp',b'0.0'
b'0.0',b'0.0',b'0.0',b'0.0',b'0.0',b'0.0',b'0.0',b'ABpraappaa',b'ABarpaappaa',b'0.0'
b'0.0',b'0.0',b'0.0',b'0.0',b'0.0',b'0.0',b'0.0',b'ABpraappap',b'ABarpaappap',b'0.0'
b'0.0',b'0.0',b'0.0',b'0.0',b'0.0',b'0.0',b'0.0',b'ABpraapppa',b'ABarpaapppa',b'0.0'
b'0.0',b'0.0',b'0.0',b'0.0',b'0.0',b'0.0',b'0.0',b'ABpraapppp',b'ABarpaapppp',b'0.0'
b'0.0',b'0.0',b'0.0',b'0.0',b'0.0',b'0.0',b'0.0',b'ABprapaaaa',b'ABarpapaaaa',b'0.0'
b'0.0',b'0.0',b'0.0',b'0.0',b'0.0',b'0.0',b'0.0',b'ABprapaaap',b'ABarpapaaap',b'0.0'
b'0.0',b'0.0',b'0.0',b'0.0',b'0.0',b'0.0',b'0.0',b'ABprapaapa',b'ABarpapaapa',b'0.0'
b'0.0',b'0.0',b'0.0',b'0.0',b'0.0',b'0.0',b'0.0',b'ABprapaapp',b'ABarpapaapp',b'0.0'
b'0.0',b'0.0',b'0.0',b'0.0',b'0.0',b'0.0',b'0.0',b'ABprapapaa',b'ABarpapapaa',b'0.0'
b'0.0',b'0.0',b'0.0',b'0.0',b'0.0',b'0.0',b'0.0',b'ABprapapap',b'ABarpapapap',b'0.0'
b'0.0',b'0.0',b'0.0',b'0.0',b'0.0',b'0.0',b'0.0',b'ABprapappa',b'ABarpapappa',b'0.0'
b'0.0',b'0.0',b'0.0',b'0.0',b'0.0',b'0.0',b'0.0',b'ABprapappp',b'ABarpapappp',b'0.0'
b'0.0',b'0.0',b'0.0',b'0.0',b'0.0',b'0.0',b'0.0',b'ABprappaaa',b'ABarpappaaa',b'0.0'
b'0.0',b'0.0',b'0.0',b'0.0',b'0.0',b'0.0',b'0.0',b'ABprappaap',b'ABarpappaap',b'0.0'
b'0.0',b'0.0',b'0.0',b'0.0',b'0.0',b'0.0',b'0.0',b'ABprappapa',b'ABarpappapa',b'0.0'
b'0.0',b'0.0',b'0.0',b'0.0',b'0.0',b'0.0',b'0.0',b'ABprappapp',b'ABarpappapp',b'0.0'
b'0.0',b'0.0',b'0.0',b'0.0',b'0.0',b'0.0',b'0.0',b'ABprapppaa',b'ABarpapppaa',b'ABalppapppaa'
b'0.0',b'0.0',b'0.0',b'0.0',b'0.0',b'0.0',b'0.0',b'ABprapppap',b'ABarpapppap',b'ABalppapppap'
b'0.0',b'0.0',b'0.0',b'0.0',b'0.0',b'0.0',b'0.0',b'ABprappppa',b'ABarpappppa',b'0.0'
b'0.0',b'0.0',b'0.0',b'0.0',b'0.0',b'0.0',b'0.0',b'ABprappppp',b'ABarpappppp',b'0.0'
b'0.0',b'0.0',b'0.0',b'0.0',b'0.0',b'0.0',b'0.0',b'ABprpaaaaa',b'ABarppaaaaa',b'0.0'
b'0.0',b'0.0',b'0.0',b'0.0',b'0.0',b'0.0',b'0.0',b'ABprpaaaap',b'ABarppaaaap',b'0.0'
b'0.0',b'0.0',b'0.0',b'0.0',b'0.0',b'0.0',b'0.0',b'ABprpaaapa',b'ABarppaaapa',b'0.0'
b'0.0',b'0.0',b'0.0',b'0.0',b'0.0',b'0.0',b'0.0',b'ABprpaaapp',b'ABarppaaapp',b'0.0'
b'0.0',b'0.0',b'0.0',b'0.0',b'0.0',b'0.0',b'0.0',b'ABprpaapaa',b'ABarppaapaa',b'0.0'
b'0.0',b'0.0',b'0.0',b'0.0',b'0.0',b'0.0',b'0.0',b'ABprpaapap',b'ABarppaapap',b'0.0'
b'0.0',b'0.0',b'0.0',b'0.0',b'0.0',b'0.0',b'0.0',b'ABprpaappa',b'ABarppaappa',b'0.0'
b'0.0',b'0.0',b'0.0',b'0.0',b'0.0',b'0.0',b'0.0',b'ABprpaappp',b'ABarppaappp',b'0.0'
b'0.0',b'0.0',b'0.0',b'0.0',b'0.0',b'0.0',b'0.0',b'ABprpapaaa',b'ABarppapaaa',b'0.0'
b'0.0',b'0.0',b'0.0',b'0.0',b'0.0',b'0.0',b'0.0',b'ABprpapaap',b'ABarppapaap',b'0.0'
b'0.0',b'0.0',b'0.0',b'0.0',b'0.0',b'0.0',b'0.0',b'ABprpapapa',b'ABarppapapa',b'0.0'
b'0.0',b'0.0',b'0.0',b'0.0',b'0.0',b'0.0',b'0.0',b'ABprpapapp',b'ABarppapapp',b'0.0'
b'0.0',b'0.0',b'0.0',b'0.0',b'0.0',b'0.0',b'0.0',b'ABprpappaa',b'ABarppappaa',b'0.0'
b'0.0',b'0.0',b'0.0',b'0.0',b'0.0',b'0.0',b'0.0',b'ABprpappap',b'ABarppappap',b'0.0'
b'0.0',b'0.0',b'0.0',b'0.0',b'0.0',b'0.0',b'0.0',b'ABprpapppa',b'ABarppapppa',b'ABalpppapppa'
b'0.0',b'0.0',b'0.0',b'0.0',b'0.0',b'0.0',b'0.0',b'ABprpapppp',b'ABarppapppp',b'ABalpppapppp'
b'0.0',b'0.0',b'0.0',b'0.0',b'0.0',b'0.0',b'0.0',b'ABprppaaaa',b'ABarpppaaaa',b'ABalppppaada'
b'0.0',b'0.0',b'0.0',b'0.0',b'0.0',b'0.0',b'0.0',b'ABprppaaap',b'ABarpppaaap',b'ABalppppaadp'
b'0.0',b'0.0',b'0.0',b'0.0',b'0.0',b'0.0',b'0.0',b'ABprppaapa',b'ABarpppaapa',b'ABalppppaava'
b'0.0',b'0.0',b'0.0',b'0.0',b'0.0',b'0.0',b'0.0',b'ABprppaapp',b'ABarpppaapp',b'ABalppppaavp'
b'0.0',b'0.0',b'0.0',b'0.0',b'0.0',b'0.0',b'0.0',b'ABprppapaa',b'ABarpppapaa',b'ABalppppapaa'
b'0.0',b'0.0',b'0.0',b'0.0',b'0.0',b'0.0',b'0.0',b'ABprppapap',b'ABarpppapap',b'ABalppppapap'
b'0.0',b'0.0',b'0.0',b'0.0',b'0.0',b'0.0',b'0.0',b'ABprppappa',b'ABarpppappa',b'0.0'
b'0.0',b'0.0',b'0.0',b'0.0',b'0.0',b'0.0',b'0.0',b'ABprppappp',b'ABarpppappp',b'0.0'
b'0.0',b'0.0',b'0.0',b'0.0',b'0.0',b'0.0',b'0.0',b'ABprpppaaa',b'ABarppppaaa',b'0.0'
b'0.0',b'0.0',b'0.0',b'0.0',b'0.0',b'0.0',b'0.0',b'ABprpppaap',b'ABarppppaap',b'0.0'
b'0.0',b'0.0',b'0.0',b'0.0',b'0.0',b'0.0',b'0.0',b'ABprpppapa',b'ABarppppapa',b'0.0'
b'0.0',b'0.0',b'0.0',b'0.0',b'0.0',b'0.0',b'0.0',b'ABprpppapp',b'ABarppppapp',b'0.0'
b'0.0',b'0.0',b'0.0',b'0.0',b'0.0',b'0.0',b'0.0',b'ABprppppaa',b'ABarpppppaa',b'ABalppppppaa'
b'0.0',b'0.0',b'0.0',b'0.0',b'0.0',b'0.0',b'0.0',b'ABprppppap',b'ABarpppppap',b'ABalppppppap'
b'0.0',b'0.0',b'0.0',b'0.0',b'0.0',b'0.0',b'0.0',b'ABprpppppa',b'ABarppppppa',b'ABalpppppppa'
b'0.0',b'0.0',b'0.0',b'0.0',b'0.0',b'0.0',b'0.0',b'ABprpppppp',b'ABarppppppp',b'ABalpppppppp'
b'0.0',b'0.0',b'0.0',b'0.0',b'0.0',b'0.0',b'0.0',b'0.0',b'ABplaaaaaaa',b'0.0'
b'0.0',b'0.0',b'0.0',b'0.0',b'0.0',b'0.0',b'0.0',b'0.0',b'ABplaaaaaap',b'0.0'
b'0.0',b'0.0',b'0.0',b'0.0',b'0.0',b'0.0',b'0.0',b'0.0',b'ABplaaaaapa',b'0.0'
b'0.0',b'0.0',b'0.0',b'0.0',b'0.0',b'0.0',b'0.0',b'0.0',b'ABplaaaaapp',b'0.0'
b'0.0',b'0.0',b'0.0',b'0.0',b'0.0',b'0.0',b'0.0',b'0.0',b'ABplaaaapaa',b'0.0'
b'0.0',b'0.0',b'0.0',b'0.0',b'0.0',b'0.0',b'0.0',b'0.0',b'ABplaaaapap',b'0.0'
b'0.0',b'0.0',b'0.0',b'0.0',b'0.0',b'0.0',b'0.0',b'0.0',b'0.0',b'0.0'
b'0.0',b'0.0',b'0.0',b'0.0',b'0.0',b'0.0',b'0.0',b'0.0',b'0.0',b'0.0'
b'0.0',b'0.0',b'0.0',b'0.0',b'0.0',b'0.0',b'0.0',b'0.0',b'ABplaaapaaa',b'0.0'
b'0.0',b'0.0',b'0.0',b'0.0',b'0.0',b'0.0',b'0.0',b'0.0',b'ABplaaapaap',b'0.0'
b'0.0',b'0.0',b'0.0',b'0.0',b'0.0',b'0.0',b'0.0',b'0.0',b'ABplaaapapa',b'0.0'
b'0.0',b'0.0',b'0.0',b'0.0',b'0.0',b'0.0',b'0.0',b'0.0',b'ABplaaapapp',b'0.0'
b'0.0',b'0.0',b'0.0',b'0.0',b'0.0',b'0.0',b'0.0',b'0.0',b'ABplaaappaa',b'0.0'
b'0.0',b'0.0',b'0.0',b'0.0',b'0.0',b'0.0',b'0.0',b'0.0',b'ABplaaappap',b'0.0'
b'0.0',b'0.0',b'0.0',b'0.0',b'0.0',b'0.0',b'0.0',b'0.0',b'ABplaaapppa',b'0.0'
b'0.0',b'0.0',b'0.0',b'0.0',b'0.0',b'0.0',b'0.0',b'0.0',b'ABplaaapppp',b'0.0'
b'0.0',b'0.0',b'0.0',b'0.0',b'0.0',b'0.0',b'0.0',b'0.0',b'ABplaapaaaa',b'0.0'
b'0.0',b'0.0',b'0.0',b'0.0',b'0.0',b'0.0',b'0.0',b'0.0',b'ABplaapaaap',b'0.0'
b'0.0',b'0.0',b'0.0',b'0.0',b'0.0',b'0.0',b'0.0',b'0.0',b'ABplaapaapa',b'0.0'
b'0.0',b'0.0',b'0.0',b'0.0',b'0.0',b'0.0',b'0.0',b'0.0',b'ABplaapaapp',b'0.0'
b'0.0',b'0.0',b'0.0',b'0.0',b'0.0',b'0.0',b'0.0',b'0.0',b'ABplaapapaa',b'0.0'
b'0.0',b'0.0',b'0.0',b'0.0',b'0.0',b'0.0',b'0.0',b'0.0',b'ABplaapapap',b'0.0'
b'0.0',b'0.0',b'0.0',b'0.0',b'0.0',b'0.0',b'0.0',b'0.0',b'ABplaapappa',b'0.0'
b'0.0',b'0.0',b'0.0',b'0.0',b'0.0',b'0.0',b'0.0',b'0.0',b'ABplaapappp',b'0.0'
b'0.0',b'0.0',b'0.0',b'0.0',b'0.0',b'0.0',b'0.0',b'0.0',b'0.0',b'0.0'
b'0.0',b'0.0',b'0.0',b'0.0',b'0.0',b'0.0',b'0.0',b'0.0',b'0.0',b'0.0'
b'0.0',b'0.0',b'0.0',b'0.0',b'0.0',b'0.0',b'0.0',b'0.0',b'ABplaappapa',b'0.0'
b'0.0',b'0.0',b'0.0',b'0.0',b'0.0',b'0.0',b'0.0',b'0.0',b'ABplaappapp',b'0.0'
b'0.0',b'0.0',b'0.0',b'0.0',b'0.0',b'0.0',b'0.0',b'0.0',b'ABplaapppaa',b'0.0'
b'0.0',b'0.0',b'0.0',b'0.0',b'0.0',b'0.0',b'0.0',b'0.0',b'ABplaapppap',b'0.0'
b'0.0',b'0.0',b'0.0',b'0.0',b'0.0',b'0.0',b'0.0',b'0.0',b'0.0',b'0.0'
b'0.0',b'0.0',b'0.0',b'0.0',b'0.0',b'0.0',b'0.0',b'0.0',b'0.0',b'0.0'
b'0.0',b'0.0',b'0.0',b'0.0',b'0.0',b'0.0',b'0.0',b'0.0',b'ABplapaaaaa',b'0.0'
b'0.0',b'0.0',b'0.0',b'0.0',b'0.0',b'0.0',b'0.0',b'0.0',b'ABplapaaaap',b'0.0'
b'0.0',b'0.0',b'0.0',b'0.0',b'0.0',b'0.0',b'0.0',b'0.0',b'ABplapaaapa',b'0.0'
b'0.0',b'0.0',b'0.0',b'0.0',b'0.0',b'0.0',b'0.0',b'0.0',b'ABplapaaapp',b'0.0'
b'0.0',b'0.0',b'0.0',b'0.0',b'0.0',b'0.0',b'0.0',b'0.0',b'ABplapaapaa',b'0.0'
b'0.0',b'0.0',b'0.0',b'0.0',b'0.0',b'0.0',b'0.0',b'0.0',b'ABplapaapap',b'0.0'
b'0.0',b'0.0',b'0.0',b'0.0',b'0.0',b'0.0',b'0.0',b'0.0',b'0.0',b'0.0'
b'0.0',b'0.0',b'0.0',b'0.0',b'0.0',b'0.0',b'0.0',b'0.0',b'0.0',b'0.0'
b'0.0',b'0.0',b'0.0',b'0.0',b'0.0',b'0.0',b'0.0',b'0.0',b'0.0',b'ABaraapapaad'
b'0.0',b'0.0',b'0.0',b'0.0',b'0.0',b'0.0',b'0.0',b'0.0',b'0.0',b'ABaraapapaav'
b'0.0',b'0.0',b'0.0',b'0.0',b'0.0',b'0.0',b'0.0',b'0.0',b'0.0',b'0.0'
b'0.0',b'0.0',b'0.0',b'0.0',b'0.0',b'0.0',b'0.0',b'0.0',b'0.0',b'0.0'
b'0.0',b'0.0',b'0.0',b'0.0',b'0.0',b'0.0',b'0.0',b'0.0',b'0.0',b'0.0'
b'0.0',b'0.0',b'0.0',b'0.0',b'0.0',b'0.0',b'0.0',b'0.0',b'0.0',b'0.0'
b'0.0',b'0.0',b'0.0',b'0.0',b'0.0',b'0.0',b'0.0',b'0.0',b'ABplapapppa',b'0.0'
b'0.0',b'0.0',b'0.0',b'0.0',b'0.0',b'0.0',b'0.0',b'0.0',b'ABplapapppp',b'0.0'
b'0.0',b'0.0',b'0.0',b'0.0',b'0.0',b'0.0',b'0.0',b'0.0',b'0.0',b'0.0'
b'0.0',b'0.0',b'0.0',b'0.0',b'0.0',b'0.0',b'0.0',b'0.0',b'0.0',b'0.0'
b'0.0',b'0.0',b'0.0',b'0.0',b'0.0',b'0.0',b'0.0',b'0.0',b'0.0',b'0.0'
b'0.0',b'0.0',b'0.0',b'0.0',b'0.0',b'0.0',b'0.0',b'0.0',b'0.0',b'0.0'
b'0.0',b'0.0',b'0.0',b'0.0',b'0.0',b'0.0',b'0.0',b'0.0',b'0.0',b'0.0'
b'0.0',b'0.0',b'0.0',b'0.0',b'0.0',b'0.0',b'0.0',b'0.0',b'0.0',b'0.0'
b'0.0',b'0.0',b'0.0',b'0.0',b'0.0',b'0.0',b'0.0',b'0.0',b'0.0',b'0.0'
b'0.0',b'0.0',b'0.0',b'0.0',b'0.0',b'0.0',b'0.0',b'0.0',b'0.0',b'0.0'
b'0.0',b'0.0',b'0.0',b'0.0',b'0.0',b'0.0',b'0.0',b'0.0',b'ABplapppaaa',b'ABaraapppaad'
b'0.0',b'0.0',b'0.0',b'0.0',b'0.0',b'0.0',b'0.0',b'0.0',b'ABplapppaap',b'ABaraapppaav'
b'0.0',b'0.0',b'0.0',b'0.0',b'0.0',b'0.0',b'0.0',b'0.0',b'ABplapppapa',b'0.0'
b'0.0',b'0.0',b'0.0',b'0.0',b'0.0',b'0.0',b'0.0',b'0.0',b'ABplapppapp',b'0.0'
b'0.0',b'0.0',b'0.0',b'0.0',b'0.0',b'0.0',b'0.0',b'0.0',b'0.0',b'0.0'
b'0.0',b'0.0',b'0.0',b'0.0',b'0.0',b'0.0',b'0.0',b'0.0',b'0.0',b'0.0'
b'0.0',b'0.0',b'0.0',b'0.0',b'0.0',b'0.0',b'0.0',b'0.0',b'ABplapppppa',b'0.0'
b'0.0',b'0.0',b'0.0',b'0.0',b'0.0',b'0.0',b'0.0',b'0.0',b'ABplapppppp',b'0.0'
b'0.0',b'0.0',b'0.0',b'0.0',b'0.0',b'0.0',b'0.0',b'0.0',b'ABplpaaaaaa',b'0.0'
b'0.0',b'0.0',b'0.0',b'0.0',b'0.0',b'0.0',b'0.0',b'0.0',b'ABplpaaaaap',b'0.0'
b'0.0',b'0.0',b'0.0',b'0.0',b'0.0',b'0.0',b'0.0',b'0.0',b'ABplpaaaapa',b'0.0'
b'0.0',b'0.0',b'0.0',b'0.0',b'0.0',b'0.0',b'0.0',b'0.0',b'ABplpaaaapp',b'0.0'
b'0.0',b'0.0',b'0.0',b'0.0',b'0.0',b'0.0',b'0.0',b'0.0',b'ABplpaaapaa',b'0.0'
b'0.0',b'0.0',b'0.0',b'0.0',b'0.0',b'0.0',b'0.0',b'0.0',b'ABplpaaapap',b'0.0'
b'0.0',b'0.0',b'0.0',b'0.0',b'0.0',b'0.0',b'0.0',b'0.0',b'ABplpaaappa',b'0.0'
b'0.0',b'0.0',b'0.0',b'0.0',b'0.0',b'0.0',b'0.0',b'0.0',b'ABplpaaappp',b'0.0'
b'0.0',b'0.0',b'0.0',b'0.0',b'0.0',b'0.0',b'0.0',b'0.0',b'ABplpaapaaa',b'0.0'
b'0.0',b'0.0',b'0.0',b'0.0',b'0.0',b'0.0',b'0.0',b'0.0',b'ABplpaapaap',b'0.0'
b'0.0',b'0.0',b'0.0',b'0.0',b'0.0',b'0.0',b'0.0',b'0.0',b'ABplpaapapa',b'0.0'
b'0.0',b'0.0',b'0.0',b'0.0',b'0.0',b'0.0',b'0.0',b'0.0',b'ABplpaapapp',b'0.0'
b'0.0',b'0.0',b'0.0',b'0.0',b'0.0',b'0.0',b'0.0',b'0.0',b'ABplpaappaa',b'0.0'
b'0.0',b'0.0',b'0.0',b'0.0',b'0.0',b'0.0',b'0.0',b'0.0',b'ABplpaappap',b'0.0'
b'0.0',b'0.0',b'0.0',b'0.0',b'0.0',b'0.0',b'0.0',b'0.0',b'ABplpaapppa',b'0.0'
b'0.0',b'0.0',b'0.0',b'0.0',b'0.0',b'0.0',b'0.0',b'0.0',b'ABplpaapppp',b'0.0'
b'0.0',b'0.0',b'0.0',b'0.0',b'0.0',b'0.0',b'0.0',b'0.0',b'ABplpapaaaa',b'0.0'
b'0.0',b'0.0',b'0.0',b'0.0',b'0.0',b'0.0',b'0.0',b'0.0',b'ABplpapaaap',b'0.0'
b'0.0',b'0.0',b'0.0',b'0.0',b'0.0',b'0.0',b'0.0',b'0.0',b'ABplpapaapa',b'ABarapapaapa'
b'0.0',b'0.0',b'0.0',b'0.0',b'0.0',b'0.0',b'0.0',b'0.0',b'ABplpapaapp',b'ABarapapaapp'
b'0.0',b'0.0',b'0.0',b'0.0',b'0.0',b'0.0',b'0.0',b'0.0',b'ABplpapapaa',b'0.0'
b'0.0',b'0.0',b'0.0',b'0.0',b'0.0',b'0.0',b'0.0',b'0.0',b'ABplpapapap',b'0.0'
b'0.0',b'0.0',b'0.0',b'0.0',b'0.0',b'0.0',b'0.0',b'0.0',b'ABplpapappa',b'0.0'
b'0.0',b'0.0',b'0.0',b'0.0',b'0.0',b'0.0',b'0.0',b'0.0',b'ABplpapappp',b'0.0'
b'0.0',b'0.0',b'0.0',b'0.0',b'0.0',b'0.0',b'0.0',b'0.0',b'ABplpappaaa',b'0.0'
b'0.0',b'0.0',b'0.0',b'0.0',b'0.0',b'0.0',b'0.0',b'0.0',b'ABplpappaap',b'0.0'
b'0.0',b'0.0',b'0.0',b'0.0',b'0.0',b'0.0',b'0.0',b'0.0',b'ABplpappapa',b'0.0'
b'0.0',b'0.0',b'0.0',b'0.0',b'0.0',b'0.0',b'0.0',b'0.0',b'ABplpappapp',b'0.0'
b'0.0',b'0.0',b'0.0',b'0.0',b'0.0',b'0.0',b'0.0',b'0.0',b'ABplpapppaa',b'0.0'
b'0.0',b'0.0',b'0.0',b'0.0',b'0.0',b'0.0',b'0.0',b'0.0',b'ABplpapppap',b'0.0'
b'0.0',b'0.0',b'0.0',b'0.0',b'0.0',b'0.0',b'0.0',b'0.0',b'ABplpappppa',b'0.0'
b'0.0',b'0.0',b'0.0',b'0.0',b'0.0',b'0.0',b'0.0',b'0.0',b'ABplpappppp',b'0.0'
b'0.0',b'0.0',b'0.0',b'0.0',b'0.0',b'0.0',b'0.0',b'0.0',b'ABplppaaaaa',b'0.0'
b'0.0',b'0.0',b'0.0',b'0.0',b'0.0',b'0.0',b'0.0',b'0.0',b'ABplppaaaap',b'0.0'
b'0.0',b'0.0',b'0.0',b'0.0',b'0.0',b'0.0',b'0.0',b'0.0',b'ABplppaaapa',b'0.0'
b'0.0',b'0.0',b'0.0',b'0.0',b'0.0',b'0.0',b'0.0',b'0.0',b'ABplppaaapp',b'0.0'
b'0.0',b'0.0',b'0.0',b'0.0',b'0.0',b'0.0',b'0.0',b'0.0',b'ABplppaapaa',b'0.0'
b'0.0',b'0.0',b'0.0',b'0.0',b'0.0',b'0.0',b'0.0',b'0.0',b'ABplppaapap',b'0.0'
b'0.0',b'0.0',b'0.0',b'0.0',b'0.0',b'0.0',b'0.0',b'0.0',b'ABplppaappa',b'0.0'
b'0.0',b'0.0',b'0.0',b'0.0',b'0.0',b'0.0',b'0.0',b'0.0',b'ABplppaappp',b'0.0'
b'0.0',b'0.0',b'0.0',b'0.0',b'0.0',b'0.0',b'0.0',b'0.0',b'ABplppapaaa',b'0.0'
b'0.0',b'0.0',b'0.0',b'0.0',b'0.0',b'0.0',b'0.0',b'0.0',b'ABplppapaap',b'0.0'
b'0.0',b'0.0',b'0.0',b'0.0',b'0.0',b'0.0',b'0.0',b'0.0',b'ABplppapapa',b'ABarappapapa'
b'0.0',b'0.0',b'0.0',b'0.0',b'0.0',b'0.0',b'0.0',b'0.0',b'ABplppapapp',b'ABarappapapp'
b'0.0',b'0.0',b'0.0',b'0.0',b'0.0',b'0.0',b'0.0',b'0.0',b'ABplppappaa',b'0.0'
b'0.0',b'0.0',b'0.0',b'0.0',b'0.0',b'0.0',b'0.0',b'0.0',b'ABplppappap',b'0.0'
b'0.0',b'0.0',b'0.0',b'0.0',b'0.0',b'0.0',b'0.0',b'0.0',b'ABplppapppa',b'0.0'
b'0.0',b'0.0',b'0.0',b'0.0',b'0.0',b'0.0',b'0.0',b'0.0',b'ABplppapppp',b'0.0'
b'0.0',b'0.0',b'0.0',b'0.0',b'0.0',b'0.0',b'0.0',b'0.0',b'ABplpppaaaa',b'0.0'
b'0.0',b'0.0',b'0.0',b'0.0',b'0.0',b'0.0',b'0.0',b'0.0',b'ABplpppaaap',b'0.0'
b'0.0',b'0.0',b'0.0',b'0.0',b'0.0',b'0.0',b'0.0',b'0.0',b'ABplpppaapa',b'0.0'
b'0.0',b'0.0',b'0.0',b'0.0',b'0.0',b'0.0',b'0.0',b'0.0',b'ABplpppaapp',b'0.0'
b'0.0',b'0.0',b'0.0',b'0.0',b'0.0',b'0.0',b'0.0',b'0.0',b'ABplpppapaa',b'0.0'
b'0.0',b'0.0',b'0.0',b'0.0',b'0.0',b'0.0',b'0.0',b'0.0',b'ABplpppapap',b'0.0'
b'0.0',b'0.0',b'0.0',b'0.0',b'0.0',b'0.0',b'0.0',b'0.0',b'ABplpppappa',b'0.0'
b'0.0',b'0.0',b'0.0',b'0.0',b'0.0',b'0.0',b'0.0',b'0.0',b'ABplpppappp',b'0.0'
b'0.0',b'0.0',b'0.0',b'0.0',b'0.0',b'0.0',b'0.0',b'0.0',b'ABplppppaaa',b'0.0'
b'0.0',b'0.0',b'0.0',b'0.0',b'0.0',b'0.0',b'0.0',b'0.0',b'ABplppppaap',b'0.0'
b'0.0',b'0.0',b'0.0',b'0.0',b'0.0',b'0.0',b'0.0',b'0.0',b'ABplppppapa',b'0.0'
b'0.0',b'0.0',b'0.0',b'0.0',b'0.0',b'0.0',b'0.0',b'0.0',b'ABplppppapp',b'0.0'
b'0.0',b'0.0',b'0.0',b'0.0',b'0.0',b'0.0',b'0.0',b'0.0',b'ABplpppppaa',b'ABarapppppaa'
b'0.0',b'0.0',b'0.0',b'0.0',b'0.0',b'0.0',b'0.0',b'0.0',b'ABplpppppap',b'ABarapppppap'
b'0.0',b'0.0',b'0.0',b'0.0',b'0.0',b'0.0',b'0.0',b'0.0',b'ABplppppppa',b'ABarappppppa'
b'0.0',b'0.0',b'0.0',b'0.0',b'0.0',b'0.0',b'0.0',b'0.0',b'ABplppppppp',b'ABarappppppp'
b'0.0',b'0.0',b'0.0',b'0.0',b'0.0',b'0.0',b'0.0',b'0.0',b'ABpraaaaaaa',b'0.0'
b'0.0',b'0.0',b'0.0',b'0.0',b'0.0',b'0.0',b'0.0',b'0.0',b'ABpraaaaaap',b'0.0'
b'0.0',b'0.0',b'0.0',b'0.0',b'0.0',b'0.0',b'0.0',b'0.0',b'ABpraaaaapd',b'0.0'
b'0.0',b'0.0',b'0.0',b'0.0',b'0.0',b'0.0',b'0.0',b'0.0',b'ABpraaaaapv',b'0.0'
b'0.0',b'0.0',b'0.0',b'0.0',b'0.0',b'0.0',b'0.0',b'0.0',b'ABpraaaapad',b'0.0'
b'0.0',b'0.0',b'0.0',b'0.0',b'0.0',b'0.0',b'0.0',b'0.0',b'ABpraaaapav',b'0.0'
b'0.0',b'0.0',b'0.0',b'0.0',b'0.0',b'0.0',b'0.0',b'0.0',b'ABpraaaappa',b'0.0'
b'0.0',b'0.0',b'0.0',b'0.0',b'0.0',b'0.0',b'0.0',b'0.0',b'ABpraaaappp',b'0.0'
b'0.0',b'0.0',b'0.0',b'0.0',b'0.0',b'0.0',b'0.0',b'0.0',b'ABpraaapaad',b'0.0'
b'0.0',b'0.0',b'0.0',b'0.0',b'0.0',b'0.0',b'0.0',b'0.0',b'ABpraaapaav',b'0.0'
b'0.0',b'0.0',b'0.0',b'0.0',b'0.0',b'0.0',b'0.0',b'0.0',b'ABpraaapapa',b'0.0'
b'0.0',b'0.0',b'0.0',b'0.0',b'0.0',b'0.0',b'0.0',b'0.0',b'ABpraaapapp',b'0.0'
b'0.0',b'0.0',b'0.0',b'0.0',b'0.0',b'0.0',b'0.0',b'0.0',b'ABpraaappaa',b'0.0'
b'0.0',b'0.0',b'0.0',b'0.0',b'0.0',b'0.0',b'0.0',b'0.0',b'ABpraaappap',b'0.0'
b'0.0',b'0.0',b'0.0',b'0.0',b'0.0',b'0.0',b'0.0',b'0.0',b'ABpraaapppa',b'0.0'
b'0.0',b'0.0',b'0.0',b'0.0',b'0.0',b'0.0',b'0.0',b'0.0',b'ABpraaapppp',b'0.0'
b'0.0',b'0.0',b'0.0',b'0.0',b'0.0',b'0.0',b'0.0',b'0.0',b'ABpraapaaaa',b'0.0'
b'0.0',b'0.0',b'0.0',b'0.0',b'0.0',b'0.0',b'0.0',b'0.0',b'ABpraapaaap',b'0.0'
b'0.0',b'0.0',b'0.0',b'0.0',b'0.0',b'0.0',b'0.0',b'0.0',b'ABpraapaapa',b'0.0'
b'0.0',b'0.0',b'0.0',b'0.0',b'0.0',b'0.0',b'0.0',b'0.0',b'ABpraapaapp',b'0.0'
b'0.0',b'0.0',b'0.0',b'0.0',b'0.0',b'0.0',b'0.0',b'0.0',b'ABpraapapaa',b'0.0'
b'0.0',b'0.0',b'0.0',b'0.0',b'0.0',b'0.0',b'0.0',b'0.0',b'ABpraapapap',b'0.0'
b'0.0',b'0.0',b'0.0',b'0.0',b'0.0',b'0.0',b'0.0',b'0.0',b'ABpraapappa',b'0.0'
b'0.0',b'0.0',b'0.0',b'0.0',b'0.0',b'0.0',b'0.0',b'0.0',b'ABpraapappp',b'0.0'
b'0.0',b'0.0',b'0.0',b'0.0',b'0.0',b'0.0',b'0.0',b'0.0',b'ABpraappaaa',b'0.0'
b'0.0',b'0.0',b'0.0',b'0.0',b'0.0',b'0.0',b'0.0',b'0.0',b'ABpraappaap',b'0.0'
b'0.0',b'0.0',b'0.0',b'0.0',b'0.0',b'0.0',b'0.0',b'0.0',b'ABpraappapa',b'0.0'
b'0.0',b'0.0',b'0.0',b'0.0',b'0.0',b'0.0',b'0.0',b'0.0',b'ABpraappapp',b'0.0'
b'0.0',b'0.0',b'0.0',b'0.0',b'0.0',b'0.0',b'0.0',b'0.0',b'ABpraapppaa',b'0.0'
b'0.0',b'0.0',b'0.0',b'0.0',b'0.0',b'0.0',b'0.0',b'0.0',b'ABpraapppap',b'0.0'
b'0.0',b'0.0',b'0.0',b'0.0',b'0.0',b'0.0',b'0.0',b'0.0',b'ABpraappppa',b'0.0'
b'0.0',b'0.0',b'0.0',b'0.0',b'0.0',b'0.0',b'0.0',b'0.0',b'ABpraappppp',b'0.0'
b'0.0',b'0.0',b'0.0',b'0.0',b'0.0',b'0.0',b'0.0',b'0.0',b'ABprapaaaaa',b'0.0'
b'0.0',b'0.0',b'0.0',b'0.0',b'0.0',b'0.0',b'0.0',b'0.0',b'ABprapaaaap',b'0.0'
b'0.0',b'0.0',b'0.0',b'0.0',b'0.0',b'0.0',b'0.0',b'0.0',b'ABprapaaapa',b'0.0'
b'0.0',b'0.0',b'0.0',b'0.0',b'0.0',b'0.0',b'0.0',b'0.0',b'ABprapaaapp',b'0.0'
b'0.0',b'0.0',b'0.0',b'0.0',b'0.0',b'0.0',b'0.0',b'0.0',b'ABprapaapaa',b'0.0'
b'0.0',b'0.0',b'0.0',b'0.0',b'0.0',b'0.0',b'0.0',b'0.0',b'ABprapaapap',b'0.0'
b'0.0',b'0.0',b'0.0',b'0.0',b'0.0',b'0.0',b'0.0',b'0.0',b'ABprapaappa',b'ABarpapaappa'
b'0.0',b'0.0',b'0.0',b'0.0',b'0.0',b'0.0',b'0.0',b'0.0',b'ABprapaappp',b'ABarpapaappp'
b'0.0',b'0.0',b'0.0',b'0.0',b'0.0',b'0.0',b'0.0',b'0.0',b'ABprapapaaa',b'0.0'
b'0.0',b'0.0',b'0.0',b'0.0',b'0.0',b'0.0',b'0.0',b'0.0',b'ABprapapaap',b'0.0'
b'0.0',b'0.0',b'0.0',b'0.0',b'0.0',b'0.0',b'0.0',b'0.0',b'ABprapapapa',b'0.0'
b'0.0',b'0.0',b'0.0',b'0.0',b'0.0',b'0.0',b'0.0',b'0.0',b'ABprapapapp',b'0.0'
b'0.0',b'0.0',b'0.0',b'0.0',b'0.0',b'0.0',b'0.0',b'0.0',b'ABprapappaa',b'0.0'
b'0.0',b'0.0',b'0.0',b'0.0',b'0.0',b'0.0',b'0.0',b'0.0',b'ABprapappap',b'0.0'
b'0.0',b'0.0',b'0.0',b'0.0',b'0.0',b'0.0',b'0.0',b'0.0',b'ABprapapppa',b'0.0'
b'0.0',b'0.0',b'0.0',b'0.0',b'0.0',b'0.0',b'0.0',b'0.0',b'ABprapapppp',b'0.0'
b'0.0',b'0.0',b'0.0',b'0.0',b'0.0',b'0.0',b'0.0',b'0.0',b'ABprappaaaa',b'0.0'
b'0.0',b'0.0',b'0.0',b'0.0',b'0.0',b'0.0',b'0.0',b'0.0',b'ABprappaaap',b'0.0'
b'0.0',b'0.0',b'0.0',b'0.0',b'0.0',b'0.0',b'0.0',b'0.0',b'ABprappaapa',b'0.0'
b'0.0',b'0.0',b'0.0',b'0.0',b'0.0',b'0.0',b'0.0',b'0.0',b'ABprappaapp',b'0.0'
b'0.0',b'0.0',b'0.0',b'0.0',b'0.0',b'0.0',b'0.0',b'0.0',b'ABprappapaa',b'0.0'
b'0.0',b'0.0',b'0.0',b'0.0',b'0.0',b'0.0',b'0.0',b'0.0',b'ABprappapap',b'0.0'
b'0.0',b'0.0',b'0.0',b'0.0',b'0.0',b'0.0',b'0.0',b'0.0',b'0.0',b'0.0'
b'0.0',b'0.0',b'0.0',b'0.0',b'0.0',b'0.0',b'0.0',b'0.0',b'0.0',b'0.0'
b'0.0',b'0.0',b'0.0',b'0.0',b'0.0',b'0.0',b'0.0',b'0.0',b'ABprapppaaa',b'0.0'
b'0.0',b'0.0',b'0.0',b'0.0',b'0.0',b'0.0',b'0.0',b'0.0',b'ABprapppaap',b'0.0'
b'0.0',b'0.0',b'0.0',b'0.0',b'0.0',b'0.0',b'0.0',b'0.0',b'ABprapppapa',b'0.0'
b'0.0',b'0.0',b'0.0',b'0.0',b'0.0',b'0.0',b'0.0',b'0.0',b'ABprapppapp',b'0.0'
b'0.0',b'0.0',b'0.0',b'0.0',b'0.0',b'0.0',b'0.0',b'0.0',b'ABprappppaa',b'0.0'
b'0.0',b'0.0',b'0.0',b'0.0',b'0.0',b'0.0',b'0.0',b'0.0',b'ABprappppap',b'0.0'
b'0.0',b'0.0',b'0.0',b'0.0',b'0.0',b'0.0',b'0.0',b'0.0',b'ABprapppppa',b'0.0'
b'0.0',b'0.0',b'0.0',b'0.0',b'0.0',b'0.0',b'0.0',b'0.0',b'ABprapppppp',b'0.0'
b'0.0',b'0.0',b'0.0',b'0.0',b'0.0',b'0.0',b'0.0',b'0.0',b'ABprpaaaaaa',b'0.0'
b'0.0',b'0.0',b'0.0',b'0.0',b'0.0',b'0.0',b'0.0',b'0.0',b'ABprpaaaaap',b'0.0'
b'0.0',b'0.0',b'0.0',b'0.0',b'0.0',b'0.0',b'0.0',b'0.0',b'ABprpaaaapa',b'0.0'
b'0.0',b'0.0',b'0.0',b'0.0',b'0.0',b'0.0',b'0.0',b'0.0',b'ABprpaaaapp',b'0.0'
b'0.0',b'0.0',b'0.0',b'0.0',b'0.0',b'0.0',b'0.0',b'0.0',b'ABprpaaapaa',b'0.0'
b'0.0',b'0.0',b'0.0',b'0.0',b'0.0',b'0.0',b'0.0',b'0.0',b'ABprpaaapap',b'0.0'
b'0.0',b'0.0',b'0.0',b'0.0',b'0.0',b'0.0',b'0.0',b'0.0',b'ABprpaaappa',b'0.0'
b'0.0',b'0.0',b'0.0',b'0.0',b'0.0',b'0.0',b'0.0',b'0.0',b'ABprpaaappp',b'0.0'
b'0.0',b'0.0',b'0.0',b'0.0',b'0.0',b'0.0',b'0.0',b'0.0',b'ABprpaapaaa',b'0.0'
b'0.0',b'0.0',b'0.0',b'0.0',b'0.0',b'0.0',b'0.0',b'0.0',b'ABprpaapaap',b'0.0'
b'0.0',b'0.0',b'0.0',b'0.0',b'0.0',b'0.0',b'0.0',b'0.0',b'ABprpaapapa',b'0.0'
b'0.0',b'0.0',b'0.0',b'0.0',b'0.0',b'0.0',b'0.0',b'0.0',b'ABprpaapapp',b'0.0'
b'0.0',b'0.0',b'0.0',b'0.0',b'0.0',b'0.0',b'0.0',b'0.0',b'ABprpaappaa',b'0.0'
b'0.0',b'0.0',b'0.0',b'0.0',b'0.0',b'0.0',b'0.0',b'0.0',b'ABprpaappap',b'0.0'
b'0.0',b'0.0',b'0.0',b'0.0',b'0.0',b'0.0',b'0.0',b'0.0',b'ABprpaapppa',b'0.0'
b'0.0',b'0.0',b'0.0',b'0.0',b'0.0',b'0.0',b'0.0',b'0.0',b'ABprpaapppp',b'0.0'
b'0.0',b'0.0',b'0.0',b'0.0',b'0.0',b'0.0',b'0.0',b'0.0',b'ABprpapaaaa',b'0.0'
b'0.0',b'0.0',b'0.0',b'0.0',b'0.0',b'0.0',b'0.0',b'0.0',b'ABprpapaaap',b'0.0'
b'0.0',b'0.0',b'0.0',b'0.0',b'0.0',b'0.0',b'0.0',b'0.0',b'ABprpapaapa',b'0.0'
b'0.0',b'0.0',b'0.0',b'0.0',b'0.0',b'0.0',b'0.0',b'0.0',b'ABprpapaapp',b'0.0'
b'0.0',b'0.0',b'0.0',b'0.0',b'0.0',b'0.0',b'0.0',b'0.0',b'ABprpapapaa',b'0.0'
b'0.0',b'0.0',b'0.0',b'0.0',b'0.0',b'0.0',b'0.0',b'0.0',b'ABprpapapap',b'0.0'
b'0.0',b'0.0',b'0.0',b'0.0',b'0.0',b'0.0',b'0.0',b'0.0',b'ABprpapappa',b'0.0'
b'0.0',b'0.0',b'0.0',b'0.0',b'0.0',b'0.0',b'0.0',b'0.0',b'ABprpapappp',b'0.0'
b'0.0',b'0.0',b'0.0',b'0.0',b'0.0',b'0.0',b'0.0',b'0.0',b'ABprpappaaa',b'0.0'
b'0.0',b'0.0',b'0.0',b'0.0',b'0.0',b'0.0',b'0.0',b'0.0',b'ABprpappaap',b'0.0'
b'0.0',b'0.0',b'0.0',b'0.0',b'0.0',b'0.0',b'0.0',b'0.0',b'ABprpappapa',b'0.0'
b'0.0',b'0.0',b'0.0',b'0.0',b'0.0',b'0.0',b'0.0',b'0.0',b'ABprpappapp',b'0.0'
b'0.0',b'0.0',b'0.0',b'0.0',b'0.0',b'0.0',b'0.0',b'0.0',b'ABprpapppaa',b'0.0'
b'0.0',b'0.0',b'0.0',b'0.0',b'0.0',b'0.0',b'0.0',b'0.0',b'ABprpapppap',b'0.0'
b'0.0',b'0.0',b'0.0',b'0.0',b'0.0',b'0.0',b'0.0',b'0.0',b'ABprpappppa',b'0.0'
b'0.0',b'0.0',b'0.0',b'0.0',b'0.0',b'0.0',b'0.0',b'0.0',b'ABprpappppp',b'0.0'
b'0.0',b'0.0',b'0.0',b'0.0',b'0.0',b'0.0',b'0.0',b'0.0',b'ABprppaaaaa',b'0.0'
b'0.0',b'0.0',b'0.0',b'0.0',b'0.0',b'0.0',b'0.0',b'0.0',b'ABprppaaaap',b'0.0'
b'0.0',b'0.0',b'0.0',b'0.0',b'0.0',b'0.0',b'0.0',b'0.0',b'ABprppaaapa',b'0.0'
b'0.0',b'0.0',b'0.0',b'0.0',b'0.0',b'0.0',b'0.0',b'0.0',b'ABprppaaapp',b'0.0'
b'0.0',b'0.0',b'0.0',b'0.0',b'0.0',b'0.0',b'0.0',b'0.0',b'ABprppaapaa',b'0.0'
b'0.0',b'0.0',b'0.0',b'0.0',b'0.0',b'0.0',b'0.0',b'0.0',b'ABprppaapap',b'0.0'
b'0.0',b'0.0',b'0.0',b'0.0',b'0.0',b'0.0',b'0.0',b'0.0',b'ABprppaappa',b'0.0'
b'0.0',b'0.0',b'0.0',b'0.0',b'0.0',b'0.0',b'0.0',b'0.0',b'ABprppaappp',b'0.0'
b'0.0',b'0.0',b'0.0',b'0.0',b'0.0',b'0.0',b'0.0',b'0.0',b'ABprppapaaa',b'0.0'
b'0.0',b'0.0',b'0.0',b'0.0',b'0.0',b'0.0',b'0.0',b'0.0',b'ABprppapaap',b'0.0'
b'0.0',b'0.0',b'0.0',b'0.0',b'0.0',b'0.0',b'0.0',b'0.0',b'ABprppapapa',b'0.0'
b'0.0',b'0.0',b'0.0',b'0.0',b'0.0',b'0.0',b'0.0',b'0.0',b'ABprppapapp',b'0.0'
b'0.0',b'0.0',b'0.0',b'0.0',b'0.0',b'0.0',b'0.0',b'0.0',b'ABprppappaa',b'0.0'
b'0.0',b'0.0',b'0.0',b'0.0',b'0.0',b'0.0',b'0.0',b'0.0',b'ABprppappap',b'0.0'
b'0.0',b'0.0',b'0.0',b'0.0',b'0.0',b'0.0',b'0.0',b'0.0',b'ABprppapppa',b'0.0'
b'0.0',b'0.0',b'0.0',b'0.0',b'0.0',b'0.0',b'0.0',b'0.0',b'ABprppapppp',b'0.0'
b'0.0',b'0.0',b'0.0',b'0.0',b'0.0',b'0.0',b'0.0',b'0.0',b'ABprpppaaaa',b'0.0'
b'0.0',b'0.0',b'0.0',b'0.0',b'0.0',b'0.0',b'0.0',b'0.0',b'ABprpppaaap',b'0.0'
b'0.0',b'0.0',b'0.0',b'0.0',b'0.0',b'0.0',b'0.0',b'0.0',b'ABprpppaapa',b'0.0'
b'0.0',b'0.0',b'0.0',b'0.0',b'0.0',b'0.0',b'0.0',b'0.0',b'ABprpppaapp',b'0.0'
b'0.0',b'0.0',b'0.0',b'0.0',b'0.0',b'0.0',b'0.0',b'0.0',b'ABprpppapaa',b'0.0'
b'0.0',b'0.0',b'0.0',b'0.0',b'0.0',b'0.0',b'0.0',b'0.0',b'ABprpppapap',b'0.0'
b'0.0',b'0.0',b'0.0',b'0.0',b'0.0',b'0.0',b'0.0',b'0.0',b'ABprpppappa',b'0.0'
b'0.0',b'0.0',b'0.0',b'0.0',b'0.0',b'0.0',b'0.0',b'0.0',b'ABprpppappp',b'0.0'
b'0.0',b'0.0',b'0.0',b'0.0',b'0.0',b'0.0',b'0.0',b'0.0',b'ABprppppaaa',b'0.0'
b'0.0',b'0.0',b'0.0',b'0.0',b'0.0',b'0.0',b'0.0',b'0.0',b'ABprppppaap',b'0.0'
b'0.0',b'0.0',b'0.0',b'0.0',b'0.0',b'0.0',b'0.0',b'0.0',b'ABprppppapa',b'0.0'
b'0.0',b'0.0',b'0.0',b'0.0',b'0.0',b'0.0',b'0.0',b'0.0',b'ABprppppapp',b'0.0'
b'0.0',b'0.0',b'0.0',b'0.0',b'0.0',b'0.0',b'0.0',b'0.0',b'ABprpppppaa',b'0.0'
b'0.0',b'0.0',b'0.0',b'0.0',b'0.0',b'0.0',b'0.0',b'0.0',b'ABprpppppap',b'0.0'
b'0.0',b'0.0',b'0.0',b'0.0',b'0.0',b'0.0',b'0.0',b'0.0',b'ABprppppppa',b'0.0'
b'0.0',b'0.0',b'0.0',b'0.0',b'0.0',b'0.0',b'0.0',b'0.0',b'ABprppppppp',b'0.0'
b'0.0',b'0.0',b'0.0',b'0.0',b'0.0',b'0.0',b'0.0',b'0.0',b'0.0',b'0.0'
b'0.0',b'0.0',b'0.0',b'0.0',b'0.0',b'0.0',b'0.0',b'0.0',b'0.0',b'0.0'
b'0.0',b'0.0',b'0.0',b'0.0',b'0.0',b'0.0',b'0.0',b'0.0',b'0.0',b'ABplaaaaaapa'
b'0.0',b'0.0',b'0.0',b'0.0',b'0.0',b'0.0',b'0.0',b'0.0',b'0.0',b'ABplaaaaaapp'
b'0.0',b'0.0',b'0.0',b'0.0',b'0.0',b'0.0',b'0.0',b'0.0',b'0.0',b'0.0'
b'0.0',b'0.0',b'0.0',b'0.0',b'0.0',b'0.0',b'0.0',b'0.0',b'0.0',b'0.0'
b'0.0',b'0.0',b'0.0',b'0.0',b'0.0',b'0.0',b'0.0',b'0.0',b'0.0',b'ABplaaaaappa'
b'0.0',b'0.0',b'0.0',b'0.0',b'0.0',b'0.0',b'0.0',b'0.0',b'0.0',b'ABplaaaaappp'
b'0.0',b'0.0',b'0.0',b'0.0',b'0.0',b'0.0',b'0.0',b'0.0',b'0.0',b'0.0'
b'0.0',b'0.0',b'0.0',b'0.0',b'0.0',b'0.0',b'0.0',b'0.0',b'0.0',b'0.0'
b'0.0',b'0.0',b'0.0',b'0.0',b'0.0',b'0.0',b'0.0',b'0.0',b'0.0',b'0.0'
b'0.0',b'0.0',b'0.0',b'0.0',b'0.0',b'0.0',b'0.0',b'0.0',b'0.0',b'0.0'
b'0.0',b'0.0',b'0.0',b'0.0',b'0.0',b'0.0',b'0.0',b'0.0',b'0.0',b'0.0'
b'0.0',b'0.0',b'0.0',b'0.0',b'0.0',b'0.0',b'0.0',b'0.0',b'0.0',b'0.0'
b'0.0',b'0.0',b'0.0',b'0.0',b'0.0',b'0.0',b'0.0',b'0.0',b'0.0',b'0.0'
b'0.0',b'0.0',b'0.0',b'0.0',b'0.0',b'0.0',b'0.0',b'0.0',b'0.0',b'0.0'
b'0.0',b'0.0',b'0.0',b'0.0',b'0.0',b'0.0',b'0.0',b'0.0',b'0.0',b'0.0'
b'0.0',b'0.0',b'0.0',b'0.0',b'0.0',b'0.0',b'0.0',b'0.0',b'0.0',b'0.0'
b'0.0',b'0.0',b'0.0',b'0.0',b'0.0',b'0.0',b'0.0',b'0.0',b'0.0',b'0.0'
b'0.0',b'0.0',b'0.0',b'0.0',b'0.0',b'0.0',b'0.0',b'0.0',b'0.0',b'0.0'
b'0.0',b'0.0',b'0.0',b'0.0',b'0.0',b'0.0',b'0.0',b'0.0',b'0.0',b'0.0'
b'0.0',b'0.0',b'0.0',b'0.0',b'0.0',b'0.0',b'0.0',b'0.0',b'0.0',b'0.0'
b'0.0',b'0.0',b'0.0',b'0.0',b'0.0',b'0.0',b'0.0',b'0.0',b'0.0',b'0.0'
b'0.0',b'0.0',b'0.0',b'0.0',b'0.0',b'0.0',b'0.0',b'0.0',b'0.0',b'0.0'
b'0.0',b'0.0',b'0.0',b'0.0',b'0.0',b'0.0',b'0.0',b'0.0',b'0.0',b'0.0'
b'0.0',b'0.0',b'0.0',b'0.0',b'0.0',b'0.0',b'0.0',b'0.0',b'0.0',b'0.0'
b'0.0',b'0.0',b'0.0',b'0.0',b'0.0',b'0.0',b'0.0',b'0.0',b'0.0',b'0.0'
b'0.0',b'0.0',b'0.0',b'0.0',b'0.0',b'0.0',b'0.0',b'0.0',b'0.0',b'0.0'
b'0.0',b'0.0',b'0.0',b'0.0',b'0.0',b'0.0',b'0.0',b'0.0',b'0.0',b'0.0'
b'0.0',b'0.0',b'0.0',b'0.0',b'0.0',b'0.0',b'0.0',b'0.0',b'0.0',b'0.0'
b'0.0',b'0.0',b'0.0',b'0.0',b'0.0',b'0.0',b'0.0',b'0.0',b'0.0',b'0.0'
b'0.0',b'0.0',b'0.0',b'0.0',b'0.0',b'0.0',b'0.0',b'0.0',b'0.0',b'0.0'
b'0.0',b'0.0',b'0.0',b'0.0',b'0.0',b'0.0',b'0.0',b'0.0',b'0.0',b'0.0'
b'0.0',b'0.0',b'0.0',b'0.0',b'0.0',b'0.0',b'0.0',b'0.0',b'0.0',b'0.0'
b'0.0',b'0.0',b'0.0',b'0.0',b'0.0',b'0.0',b'0.0',b'0.0',b'0.0',b'0.0'
b'0.0',b'0.0',b'0.0',b'0.0',b'0.0',b'0.0',b'0.0',b'0.0',b'0.0',b'0.0'
b'0.0',b'0.0',b'0.0',b'0.0',b'0.0',b'0.0',b'0.0',b'0.0',b'0.0',b'0.0'
b'0.0',b'0.0',b'0.0',b'0.0',b'0.0',b'0.0',b'0.0',b'0.0',b'0.0',b'0.0'
b'0.0',b'0.0',b'0.0',b'0.0',b'0.0',b'0.0',b'0.0',b'0.0',b'0.0',b'0.0'
b'0.0',b'0.0',b'0.0',b'0.0',b'0.0',b'0.0',b'0.0',b'0.0',b'0.0',b'0.0'
b'0.0',b'0.0',b'0.0',b'0.0',b'0.0',b'0.0',b'0.0',b'0.0',b'0.0',b'0.0'
b'0.0',b'0.0',b'0.0',b'0.0',b'0.0',b'0.0',b'0.0',b'0.0',b'0.0',b'0.0'
b'0.0',b'0.0',b'0.0',b'0.0',b'0.0',b'0.0',b'0.0',b'0.0',b'0.0',b'0.0'
b'0.0',b'0.0',b'0.0',b'0.0',b'0.0',b'0.0',b'0.0',b'0.0',b'0.0',b'0.0'
b'0.0',b'0.0',b'0.0',b'0.0',b'0.0',b'0.0',b'0.0',b'0.0',b'0.0',b'0.0'
b'0.0',b'0.0',b'0.0',b'0.0',b'0.0',b'0.0',b'0.0',b'0.0',b'0.0',b'0.0'
b'0.0',b'0.0',b'0.0',b'0.0',b'0.0',b'0.0',b'0.0',b'0.0',b'0.0',b'ABplaapapppa'
b'0.0',b'0.0',b'0.0',b'0.0',b'0.0',b'0.0',b'0.0',b'0.0',b'0.0',b'ABplaapapppp'
b'0.0',b'0.0',b'0.0',b'0.0',b'0.0',b'0.0',b'0.0',b'0.0',b'0.0',b'0.0'
b'0.0',b'0.0',b'0.0',b'0.0',b'0.0',b'0.0',b'0.0',b'0.0',b'0.0',b'0.0'
b'0.0',b'0.0',b'0.0',b'0.0',b'0.0',b'0.0',b'0.0',b'0.0',b'0.0',b'0.0'
b'0.0',b'0.0',b'0.0',b'0.0',b'0.0',b'0.0',b'0.0',b'0.0',b'0.0',b'0.0'
b'0.0',b'0.0',b'0.0',b'0.0',b'0.0',b'0.0',b'0.0',b'0.0',b'0.0',b'0.0'
b'0.0',b'0.0',b'0.0',b'0.0',b'0.0',b'0.0',b'0.0',b'0.0',b'0.0',b'0.0'
b'0.0',b'0.0',b'0.0',b'0.0',b'0.0',b'0.0',b'0.0',b'0.0',b'0.0',b'0.0'
b'0.0',b'0.0',b'0.0',b'0.0',b'0.0',b'0.0',b'0.0',b'0.0',b'0.0',b'0.0'
b'0.0',b'0.0',b'0.0',b'0.0',b'0.0',b'0.0',b'0.0',b'0.0',b'0.0',b'0.0'
b'0.0',b'0.0',b'0.0',b'0.0',b'0.0',b'0.0',b'0.0',b'0.0',b'0.0',b'0.0'
b'0.0',b'0.0',b'0.0',b'0.0',b'0.0',b'0.0',b'0.0',b'0.0',b'0.0',b'0.0'
b'0.0',b'0.0',b'0.0',b'0.0',b'0.0',b'0.0',b'0.0',b'0.0',b'0.0',b'0.0'
b'0.0',b'0.0',b'0.0',b'0.0',b'0.0',b'0.0',b'0.0',b'0.0',b'0.0',b'0.0'
b'0.0',b'0.0',b'0.0',b'0.0',b'0.0',b'0.0',b'0.0',b'0.0',b'0.0',b'0.0'
b'0.0',b'0.0',b'0.0',b'0.0',b'0.0',b'0.0',b'0.0',b'0.0',b'0.0',b'0.0'
b'0.0',b'0.0',b'0.0',b'0.0',b'0.0',b'0.0',b'0.0',b'0.0',b'0.0',b'0.0'
b'0.0',b'0.0',b'0.0',b'0.0',b'0.0',b'0.0',b'0.0',b'0.0',b'0.0',b'0.0'
b'0.0',b'0.0',b'0.0',b'0.0',b'0.0',b'0.0',b'0.0',b'0.0',b'0.0',b'0.0'
b'0.0',b'0.0',b'0.0',b'0.0',b'0.0',b'0.0',b'0.0',b'0.0',b'0.0',b'ABplapaaaapa'
b'0.0',b'0.0',b'0.0',b'0.0',b'0.0',b'0.0',b'0.0',b'0.0',b'0.0',b'ABplapaaaapp'
b'0.0',b'0.0',b'0.0',b'0.0',b'0.0',b'0.0',b'0.0',b'0.0',b'0.0',b'ABplapaaapad'
b'0.0',b'0.0',b'0.0',b'0.0',b'0.0',b'0.0',b'0.0',b'0.0',b'0.0',b'ABplapaaapav'
b'0.0',b'0.0',b'0.0',b'0.0',b'0.0',b'0.0',b'0.0',b'0.0',b'0.0',b'0.0'
b'0.0',b'0.0',b'0.0',b'0.0',b'0.0',b'0.0',b'0.0',b'0.0',b'0.0',b'0.0'
b'0.0',b'0.0',b'0.0',b'0.0',b'0.0',b'0.0',b'0.0',b'0.0',b'0.0',b'0.0'
b'0.0',b'0.0',b'0.0',b'0.0',b'0.0',b'0.0',b'0.0',b'0.0',b'0.0',b'0.0'
b'0.0',b'0.0',b'0.0',b'0.0',b'0.0',b'0.0',b'0.0',b'0.0',b'0.0',b'0.0'
b'0.0',b'0.0',b'0.0',b'0.0',b'0.0',b'0.0',b'0.0',b'0.0',b'0.0',b'0.0'
b'0.0',b'0.0',b'0.0',b'0.0',b'0.0',b'0.0',b'0.0',b'0.0',b'0.0',b'0.0'
b'0.0',b'0.0',b'0.0',b'0.0',b'0.0',b'0.0',b'0.0',b'0.0',b'0.0',b'0.0'
b'0.0',b'0.0',b'0.0',b'0.0',b'0.0',b'0.0',b'0.0',b'0.0',b'0.0',b'0.0'
b'0.0',b'0.0',b'0.0',b'0.0',b'0.0',b'0.0',b'0.0',b'0.0',b'0.0',b'0.0'
b'0.0',b'0.0',b'0.0',b'0.0',b'0.0',b'0.0',b'0.0',b'0.0',b'0.0',b'0.0'
b'0.0',b'0.0',b'0.0',b'0.0',b'0.0',b'0.0',b'0.0',b'0.0',b'0.0',b'0.0'
b'0.0',b'0.0',b'0.0',b'0.0',b'0.0',b'0.0',b'0.0',b'0.0',b'0.0',b'0.0'
b'0.0',b'0.0',b'0.0',b'0.0',b'0.0',b'0.0',b'0.0',b'0.0',b'0.0',b'0.0'
b'0.0',b'0.0',b'0.0',b'0.0',b'0.0',b'0.0',b'0.0',b'0.0',b'0.0',b'0.0'
b'0.0',b'0.0',b'0.0',b'0.0',b'0.0',b'0.0',b'0.0',b'0.0',b'0.0',b'0.0'
b'0.0',b'0.0',b'0.0',b'0.0',b'0.0',b'0.0',b'0.0',b'0.0',b'0.0',b'0.0'
b'0.0',b'0.0',b'0.0',b'0.0',b'0.0',b'0.0',b'0.0',b'0.0',b'0.0',b'0.0'
b'0.0',b'0.0',b'0.0',b'0.0',b'0.0',b'0.0',b'0.0',b'0.0',b'0.0',b'0.0'
b'0.0',b'0.0',b'0.0',b'0.0',b'0.0',b'0.0',b'0.0',b'0.0',b'0.0',b'0.0'
b'0.0',b'0.0',b'0.0',b'0.0',b'0.0',b'0.0',b'0.0',b'0.0',b'0.0',b'0.0'
b'0.0',b'0.0',b'0.0',b'0.0',b'0.0',b'0.0',b'0.0',b'0.0',b'0.0',b'0.0'
b'0.0',b'0.0',b'0.0',b'0.0',b'0.0',b'0.0',b'0.0',b'0.0',b'0.0',b'0.0'
b'0.0',b'0.0',b'0.0',b'0.0',b'0.0',b'0.0',b'0.0',b'0.0',b'0.0',b'0.0'
b'0.0',b'0.0',b'0.0',b'0.0',b'0.0',b'0.0',b'0.0',b'0.0',b'0.0',b'ABplapappppa'
b'0.0',b'0.0',b'0.0',b'0.0',b'0.0',b'0.0',b'0.0',b'0.0',b'0.0',b'ABplapappppp'
b'0.0',b'0.0',b'0.0',b'0.0',b'0.0',b'0.0',b'0.0',b'0.0',b'0.0',b'0.0'
b'0.0',b'0.0',b'0.0',b'0.0',b'0.0',b'0.0',b'0.0',b'0.0',b'0.0',b'0.0'
b'0.0',b'0.0',b'0.0',b'0.0',b'0.0',b'0.0',b'0.0',b'0.0',b'0.0',b'0.0'
b'0.0',b'0.0',b'0.0',b'0.0',b'0.0',b'0.0',b'0.0',b'0.0',b'0.0',b'0.0'
b'0.0',b'0.0',b'0.0',b'0.0',b'0.0',b'0.0',b'0.0',b'0.0',b'0.0',b'0.0'
b'0.0',b'0.0',b'0.0',b'0.0',b'0.0',b'0.0',b'0.0',b'0.0',b'0.0',b'0.0'
b'0.0',b'0.0',b'0.0',b'0.0',b'0.0',b'0.0',b'0.0',b'0.0',b'0.0',b'0.0'
b'0.0',b'0.0',b'0.0',b'0.0',b'0.0',b'0.0',b'0.0',b'0.0',b'0.0',b'0.0'
b'0.0',b'0.0',b'0.0',b'0.0',b'0.0',b'0.0',b'0.0',b'0.0',b'0.0',b'0.0'
b'0.0',b'0.0',b'0.0',b'0.0',b'0.0',b'0.0',b'0.0',b'0.0',b'0.0',b'0.0'
b'0.0',b'0.0',b'0.0',b'0.0',b'0.0',b'0.0',b'0.0',b'0.0',b'0.0',b'0.0'
b'0.0',b'0.0',b'0.0',b'0.0',b'0.0',b'0.0',b'0.0',b'0.0',b'0.0',b'0.0'
b'0.0',b'0.0',b'0.0',b'0.0',b'0.0',b'0.0',b'0.0',b'0.0',b'0.0',b'0.0'
b'0.0',b'0.0',b'0.0',b'0.0',b'0.0',b'0.0',b'0.0',b'0.0',b'0.0',b'0.0'
b'0.0',b'0.0',b'0.0',b'0.0',b'0.0',b'0.0',b'0.0',b'0.0',b'0.0',b'0.0'
b'0.0',b'0.0',b'0.0',b'0.0',b'0.0',b'0.0',b'0.0',b'0.0',b'0.0',b'0.0'
b'0.0',b'0.0',b'0.0',b'0.0',b'0.0',b'0.0',b'0.0',b'0.0',b'0.0',b'0.0'
b'0.0',b'0.0',b'0.0',b'0.0',b'0.0',b'0.0',b'0.0',b'0.0',b'0.0',b'0.0'
b'0.0',b'0.0',b'0.0',b'0.0',b'0.0',b'0.0',b'0.0',b'0.0',b'0.0',b'0.0'
b'0.0',b'0.0',b'0.0',b'0.0',b'0.0',b'0.0',b'0.0',b'0.0',b'0.0',b'0.0'
b'0.0',b'0.0',b'0.0',b'0.0',b'0.0',b'0.0',b'0.0',b'0.0',b'0.0',b'ABplapppapaa'
b'0.0',b'0.0',b'0.0',b'0.0',b'0.0',b'0.0',b'0.0',b'0.0',b'0.0',b'ABplapppapap'
b'0.0',b'0.0',b'0.0',b'0.0',b'0.0',b'0.0',b'0.0',b'0.0',b'0.0',b'ABplapppappa'
b'0.0',b'0.0',b'0.0',b'0.0',b'0.0',b'0.0',b'0.0',b'0.0',b'0.0',b'ABplapppappp'
b'0.0',b'0.0',b'0.0',b'0.0',b'0.0',b'0.0',b'0.0',b'0.0',b'0.0',b'0.0'
b'0.0',b'0.0',b'0.0',b'0.0',b'0.0',b'0.0',b'0.0',b'0.0',b'0.0',b'0.0'
b'0.0',b'0.0',b'0.0',b'0.0',b'0.0',b'0.0',b'0.0',b'0.0',b'0.0',b'0.0'
b'0.0',b'0.0',b'0.0',b'0.0',b'0.0',b'0.0',b'0.0',b'0.0',b'0.0',b'0.0'
b'0.0',b'0.0',b'0.0',b'0.0',b'0.0',b'0.0',b'0.0',b'0.0',b'0.0',b'0.0'
b'0.0',b'0.0',b'0.0',b'0.0',b'0.0',b'0.0',b'0.0',b'0.0',b'0.0',b'0.0'
b'0.0',b'0.0',b'0.0',b'0.0',b'0.0',b'0.0',b'0.0',b'0.0',b'0.0',b'0.0'
b'0.0',b'0.0',b'0.0',b'0.0',b'0.0',b'0.0',b'0.0',b'0.0',b'0.0',b'0.0'
b'0.0',b'0.0',b'0.0',b'0.0',b'0.0',b'0.0',b'0.0',b'0.0',b'0.0',b'0.0'
b'0.0',b'0.0',b'0.0',b'0.0',b'0.0',b'0.0',b'0.0',b'0.0',b'0.0',b'0.0'
b'0.0',b'0.0',b'0.0',b'0.0',b'0.0',b'0.0',b'0.0',b'0.0',b'0.0',b'0.0'
b'0.0',b'0.0',b'0.0',b'0.0',b'0.0',b'0.0',b'0.0',b'0.0',b'0.0',b'0.0'
b'0.0',b'0.0',b'0.0',b'0.0',b'0.0',b'0.0',b'0.0',b'0.0',b'0.0',b'0.0'
b'0.0',b'0.0',b'0.0',b'0.0',b'0.0',b'0.0',b'0.0',b'0.0',b'0.0',b'0.0'
b'0.0',b'0.0',b'0.0',b'0.0',b'0.0',b'0.0',b'0.0',b'0.0',b'0.0',b'0.0'
b'0.0',b'0.0',b'0.0',b'0.0',b'0.0',b'0.0',b'0.0',b'0.0',b'0.0',b'0.0'
b'0.0',b'0.0',b'0.0',b'0.0',b'0.0',b'0.0',b'0.0',b'0.0',b'0.0',b'0.0'
b'0.0',b'0.0',b'0.0',b'0.0',b'0.0',b'0.0',b'0.0',b'0.0',b'0.0',b'0.0'
b'0.0',b'0.0',b'0.0',b'0.0',b'0.0',b'0.0',b'0.0',b'0.0',b'0.0',b'0.0'
b'0.0',b'0.0',b'0.0',b'0.0',b'0.0',b'0.0',b'0.0',b'0.0',b'0.0',b'0.0'
b'0.0',b'0.0',b'0.0',b'0.0',b'0.0',b'0.0',b'0.0',b'0.0',b'0.0',b'ABplpaaappaa'
b'0.0',b'0.0',b'0.0',b'0.0',b'0.0',b'0.0',b'0.0',b'0.0',b'0.0',b'ABplpaaappap'
b'0.0',b'0.0',b'0.0',b'0.0',b'0.0',b'0.0',b'0.0',b'0.0',b'0.0',b'0.0'
b'0.0',b'0.0',b'0.0',b'0.0',b'0.0',b'0.0',b'0.0',b'0.0',b'0.0',b'0.0'
b'0.0',b'0.0',b'0.0',b'0.0',b'0.0',b'0.0',b'0.0',b'0.0',b'0.0',b'0.0'
b'0.0',b'0.0',b'0.0',b'0.0',b'0.0',b'0.0',b'0.0',b'0.0',b'0.0',b'0.0'
b'0.0',b'0.0',b'0.0',b'0.0',b'0.0',b'0.0',b'0.0',b'0.0',b'0.0',b'0.0'
b'0.0',b'0.0',b'0.0',b'0.0',b'0.0',b'0.0',b'0.0',b'0.0',b'0.0',b'0.0'
b'0.0',b'0.0',b'0.0',b'0.0',b'0.0',b'0.0',b'0.0',b'0.0',b'0.0',b'0.0'
b'0.0',b'0.0',b'0.0',b'0.0',b'0.0',b'0.0',b'0.0',b'0.0',b'0.0',b'0.0'
b'0.0',b'0.0',b'0.0',b'0.0',b'0.0',b'0.0',b'0.0',b'0.0',b'0.0',b'0.0'
b'0.0',b'0.0',b'0.0',b'0.0',b'0.0',b'0.0',b'0.0',b'0.0',b'0.0',b'0.0'
b'0.0',b'0.0',b'0.0',b'0.0',b'0.0',b'0.0',b'0.0',b'0.0',b'0.0',b'0.0'
b'0.0',b'0.0',b'0.0',b'0.0',b'0.0',b'0.0',b'0.0',b'0.0',b'0.0',b'0.0'
b'0.0',b'0.0',b'0.0',b'0.0',b'0.0',b'0.0',b'0.0',b'0.0',b'0.0',b'0.0'
b'0.0',b'0.0',b'0.0',b'0.0',b'0.0',b'0.0',b'0.0',b'0.0',b'0.0',b'0.0'
b'0.0',b'0.0',b'0.0',b'0.0',b'0.0',b'0.0',b'0.0',b'0.0',b'0.0',b'0.0'
b'0.0',b'0.0',b'0.0',b'0.0',b'0.0',b'0.0',b'0.0',b'0.0',b'0.0',b'0.0'
b'0.0',b'0.0',b'0.0',b'0.0',b'0.0',b'0.0',b'0.0',b'0.0',b'0.0',b'ABplpaappppa'
b'0.0',b'0.0',b'0.0',b'0.0',b'0.0',b'0.0',b'0.0',b'0.0',b'0.0',b'ABplpaappppp'
b'0.0',b'0.0',b'0.0',b'0.0',b'0.0',b'0.0',b'0.0',b'0.0',b'0.0',b'0.0'
b'0.0',b'0.0',b'0.0',b'0.0',b'0.0',b'0.0',b'0.0',b'0.0',b'0.0',b'0.0'
b'0.0',b'0.0',b'0.0',b'0.0',b'0.0',b'0.0',b'0.0',b'0.0',b'0.0',b'0.0'
b'0.0',b'0.0',b'0.0',b'0.0',b'0.0',b'0.0',b'0.0',b'0.0',b'0.0',b'0.0'
b'0.0',b'0.0',b'0.0',b'0.0',b'0.0',b'0.0',b'0.0',b'0.0',b'0.0',b'0.0'
b'0.0',b'0.0',b'0.0',b'0.0',b'0.0',b'0.0',b'0.0',b'0.0',b'0.0',b'0.0'
b'0.0',b'0.0',b'0.0',b'0.0',b'0.0',b'0.0',b'0.0',b'0.0',b'0.0',b'0.0'
b'0.0',b'0.0',b'0.0',b'0.0',b'0.0',b'0.0',b'0.0',b'0.0',b'0.0',b'0.0'
b'0.0',b'0.0',b'0.0',b'0.0',b'0.0',b'0.0',b'0.0',b'0.0',b'0.0',b'0.0'
b'0.0',b'0.0',b'0.0',b'0.0',b'0.0',b'0.0',b'0.0',b'0.0',b'0.0',b'0.0'
b'0.0',b'0.0',b'0.0',b'0.0',b'0.0',b'0.0',b'0.0',b'0.0',b'0.0',b'0.0'
b'0.0',b'0.0',b'0.0',b'0.0',b'0.0',b'0.0',b'0.0',b'0.0',b'0.0',b'0.0'
b'0.0',b'0.0',b'0.0',b'0.0',b'0.0',b'0.0',b'0.0',b'0.0',b'0.0',b'0.0'
b'0.0',b'0.0',b'0.0',b'0.0',b'0.0',b'0.0',b'0.0',b'0.0',b'0.0',b'0.0'
b'0.0',b'0.0',b'0.0',b'0.0',b'0.0',b'0.0',b'0.0',b'0.0',b'0.0',b'0.0'
b'0.0',b'0.0',b'0.0',b'0.0',b'0.0',b'0.0',b'0.0',b'0.0',b'0.0',b'0.0'
b'0.0',b'0.0',b'0.0',b'0.0',b'0.0',b'0.0',b'0.0',b'0.0',b'0.0',b'0.0'
b'0.0',b'0.0',b'0.0',b'0.0',b'0.0',b'0.0',b'0.0',b'0.0',b'0.0',b'0.0'
b'0.0',b'0.0',b'0.0',b'0.0',b'0.0',b'0.0',b'0.0',b'0.0',b'0.0',b'0.0'
b'0.0',b'0.0',b'0.0',b'0.0',b'0.0',b'0.0',b'0.0',b'0.0',b'0.0',b'0.0'
b'0.0',b'0.0',b'0.0',b'0.0',b'0.0',b'0.0',b'0.0',b'0.0',b'0.0',b'0.0'
b'0.0',b'0.0',b'0.0',b'0.0',b'0.0',b'0.0',b'0.0',b'0.0',b'0.0',b'0.0'
b'0.0',b'0.0',b'0.0',b'0.0',b'0.0',b'0.0',b'0.0',b'0.0',b'0.0',b'0.0'
b'0.0',b'0.0',b'0.0',b'0.0',b'0.0',b'0.0',b'0.0',b'0.0',b'0.0',b'0.0'
b'0.0',b'0.0',b'0.0',b'0.0',b'0.0',b'0.0',b'0.0',b'0.0',b'0.0',b'0.0'
b'0.0',b'0.0',b'0.0',b'0.0',b'0.0',b'0.0',b'0.0',b'0.0',b'0.0',b'0.0'
b'0.0',b'0.0',b'0.0',b'0.0',b'0.0',b'0.0',b'0.0',b'0.0',b'0.0',b'0.0'
b'0.0',b'0.0',b'0.0',b'0.0',b'0.0',b'0.0',b'0.0',b'0.0',b'0.0',b'0.0'
b'0.0',b'0.0',b'0.0',b'0.0',b'0.0',b'0.0',b'0.0',b'0.0',b'0.0',b'0.0'
b'0.0',b'0.0',b'0.0',b'0.0',b'0.0',b'0.0',b'0.0',b'0.0',b'0.0',b'0.0'
b'0.0',b'0.0',b'0.0',b'0.0',b'0.0',b'0.0',b'0.0',b'0.0',b'0.0',b'0.0'
b'0.0',b'0.0',b'0.0',b'0.0',b'0.0',b'0.0',b'0.0',b'0.0',b'0.0',b'0.0'
b'0.0',b'0.0',b'0.0',b'0.0',b'0.0',b'0.0',b'0.0',b'0.0',b'0.0',b'0.0'
b'0.0',b'0.0',b'0.0',b'0.0',b'0.0',b'0.0',b'0.0',b'0.0',b'0.0',b'0.0'
b'0.0',b'0.0',b'0.0',b'0.0',b'0.0',b'0.0',b'0.0',b'0.0',b'0.0',b'ABplppaaaapa'
b'0.0',b'0.0',b'0.0',b'0.0',b'0.0',b'0.0',b'0.0',b'0.0',b'0.0',b'ABplppaaaapp'
b'0.0',b'0.0',b'0.0',b'0.0',b'0.0',b'0.0',b'0.0',b'0.0',b'0.0',b'0.0'
b'0.0',b'0.0',b'0.0',b'0.0',b'0.0',b'0.0',b'0.0',b'0.0',b'0.0',b'0.0'
b'0.0',b'0.0',b'0.0',b'0.0',b'0.0',b'0.0',b'0.0',b'0.0',b'0.0',b'0.0'
b'0.0',b'0.0',b'0.0',b'0.0',b'0.0',b'0.0',b'0.0',b'0.0',b'0.0',b'0.0'
b'0.0',b'0.0',b'0.0',b'0.0',b'0.0',b'0.0',b'0.0',b'0.0',b'0.0',b'0.0'
b'0.0',b'0.0',b'0.0',b'0.0',b'0.0',b'0.0',b'0.0',b'0.0',b'0.0',b'0.0'
b'0.0',b'0.0',b'0.0',b'0.0',b'0.0',b'0.0',b'0.0',b'0.0',b'0.0',b'0.0'
b'0.0',b'0.0',b'0.0',b'0.0',b'0.0',b'0.0',b'0.0',b'0.0',b'0.0',b'0.0'
b'0.0',b'0.0',b'0.0',b'0.0',b'0.0',b'0.0',b'0.0',b'0.0',b'0.0',b'0.0'
b'0.0',b'0.0',b'0.0',b'0.0',b'0.0',b'0.0',b'0.0',b'0.0',b'0.0',b'0.0'
b'0.0',b'0.0',b'0.0',b'0.0',b'0.0',b'0.0',b'0.0',b'0.0',b'0.0',b'0.0'
b'0.0',b'0.0',b'0.0',b'0.0',b'0.0',b'0.0',b'0.0',b'0.0',b'0.0',b'0.0'
b'0.0',b'0.0',b'0.0',b'0.0',b'0.0',b'0.0',b'0.0',b'0.0',b'0.0',b'0.0'
b'0.0',b'0.0',b'0.0',b'0.0',b'0.0',b'0.0',b'0.0',b'0.0',b'0.0',b'0.0'
b'0.0',b'0.0',b'0.0',b'0.0',b'0.0',b'0.0',b'0.0',b'0.0',b'0.0',b'0.0'
b'0.0',b'0.0',b'0.0',b'0.0',b'0.0',b'0.0',b'0.0',b'0.0',b'0.0',b'0.0'
b'0.0',b'0.0',b'0.0',b'0.0',b'0.0',b'0.0',b'0.0',b'0.0',b'0.0',b'0.0'
b'0.0',b'0.0',b'0.0',b'0.0',b'0.0',b'0.0',b'0.0',b'0.0',b'0.0',b'0.0'
b'0.0',b'0.0',b'0.0',b'0.0',b'0.0',b'0.0',b'0.0',b'0.0',b'0.0',b'0.0'
b'0.0',b'0.0',b'0.0',b'0.0',b'0.0',b'0.0',b'0.0',b'0.0',b'0.0',b'0.0'
b'0.0',b'0.0',b'0.0',b'0.0',b'0.0',b'0.0',b'0.0',b'0.0',b'0.0',b'0.0'
b'0.0',b'0.0',b'0.0',b'0.0',b'0.0',b'0.0',b'0.0',b'0.0',b'0.0',b'0.0'
b'0.0',b'0.0',b'0.0',b'0.0',b'0.0',b'0.0',b'0.0',b'0.0',b'0.0',b'0.0'
b'0.0',b'0.0',b'0.0',b'0.0',b'0.0',b'0.0',b'0.0',b'0.0',b'0.0',b'0.0'
b'0.0',b'0.0',b'0.0',b'0.0',b'0.0',b'0.0',b'0.0',b'0.0',b'0.0',b'0.0'
b'0.0',b'0.0',b'0.0',b'0.0',b'0.0',b'0.0',b'0.0',b'0.0',b'0.0',b'0.0'
b'0.0',b'0.0',b'0.0',b'0.0',b'0.0',b'0.0',b'0.0',b'0.0',b'0.0',b'0.0'
b'0.0',b'0.0',b'0.0',b'0.0',b'0.0',b'0.0',b'0.0',b'0.0',b'0.0',b'0.0'
b'0.0',b'0.0',b'0.0',b'0.0',b'0.0',b'0.0',b'0.0',b'0.0',b'0.0',b'0.0'
b'0.0',b'0.0',b'0.0',b'0.0',b'0.0',b'0.0',b'0.0',b'0.0',b'0.0',b'0.0'
b'0.0',b'0.0',b'0.0',b'0.0',b'0.0',b'0.0',b'0.0',b'0.0',b'0.0',b'0.0'
b'0.0',b'0.0',b'0.0',b'0.0',b'0.0',b'0.0',b'0.0',b'0.0',b'0.0',b'0.0'
b'0.0',b'0.0',b'0.0',b'0.0',b'0.0',b'0.0',b'0.0',b'0.0',b'0.0',b'0.0'
b'0.0',b'0.0',b'0.0',b'0.0',b'0.0',b'0.0',b'0.0',b'0.0',b'0.0',b'0.0'
b'0.0',b'0.0',b'0.0',b'0.0',b'0.0',b'0.0',b'0.0',b'0.0',b'0.0',b'0.0'
b'0.0',b'0.0',b'0.0',b'0.0',b'0.0',b'0.0',b'0.0',b'0.0',b'0.0',b'0.0'
b'0.0',b'0.0',b'0.0',b'0.0',b'0.0',b'0.0',b'0.0',b'0.0',b'0.0',b'0.0'
b'0.0',b'0.0',b'0.0',b'0.0',b'0.0',b'0.0',b'0.0',b'0.0',b'0.0',b'0.0'
b'0.0',b'0.0',b'0.0',b'0.0',b'0.0',b'0.0',b'0.0',b'0.0',b'0.0',b'0.0'
b'0.0',b'0.0',b'0.0',b'0.0',b'0.0',b'0.0',b'0.0',b'0.0',b'0.0',b'0.0'
b'0.0',b'0.0',b'0.0',b'0.0',b'0.0',b'0.0',b'0.0',b'0.0',b'0.0',b'0.0'
b'0.0',b'0.0',b'0.0',b'0.0',b'0.0',b'0.0',b'0.0',b'0.0',b'0.0',b'0.0'
b'0.0',b'0.0',b'0.0',b'0.0',b'0.0',b'0.0',b'0.0',b'0.0',b'0.0',b'0.0'
b'0.0',b'0.0',b'0.0',b'0.0',b'0.0',b'0.0',b'0.0',b'0.0',b'0.0',b'0.0'
b'0.0',b'0.0',b'0.0',b'0.0',b'0.0',b'0.0',b'0.0',b'0.0',b'0.0',b'0.0'
b'0.0',b'0.0',b'0.0',b'0.0',b'0.0',b'0.0',b'0.0',b'0.0',b'0.0',b'0.0'
b'0.0',b'0.0',b'0.0',b'0.0',b'0.0',b'0.0',b'0.0',b'0.0',b'0.0',b'0.0'
b'0.0',b'0.0',b'0.0',b'0.0',b'0.0',b'0.0',b'0.0',b'0.0',b'0.0',b'0.0'
b'0.0',b'0.0',b'0.0',b'0.0',b'0.0',b'0.0',b'0.0',b'0.0',b'0.0',b'0.0'
b'0.0',b'0.0',b'0.0',b'0.0',b'0.0',b'0.0',b'0.0',b'0.0',b'0.0',b'0.0'
b'0.0',b'0.0',b'0.0',b'0.0',b'0.0',b'0.0',b'0.0',b'0.0',b'0.0',b'0.0'
b'0.0',b'0.0',b'0.0',b'0.0',b'0.0',b'0.0',b'0.0',b'0.0',b'0.0',b'0.0'
b'0.0',b'0.0',b'0.0',b'0.0',b'0.0',b'0.0',b'0.0',b'0.0',b'0.0',b'0.0'
b'0.0',b'0.0',b'0.0',b'0.0',b'0.0',b'0.0',b'0.0',b'0.0',b'0.0',b'0.0'
b'0.0',b'0.0',b'0.0',b'0.0',b'0.0',b'0.0',b'0.0',b'0.0',b'0.0',b'0.0'
b'0.0',b'0.0',b'0.0',b'0.0',b'0.0',b'0.0',b'0.0',b'0.0',b'0.0',b'0.0'
b'0.0',b'0.0',b'0.0',b'0.0',b'0.0',b'0.0',b'0.0',b'0.0',b'0.0',b'0.0'
b'0.0',b'0.0',b'0.0',b'0.0',b'0.0',b'0.0',b'0.0',b'0.0',b'0.0',b'0.0'
b'0.0',b'0.0',b'0.0',b'0.0',b'0.0',b'0.0',b'0.0',b'0.0',b'0.0',b'0.0'
b'0.0',b'0.0',b'0.0',b'0.0',b'0.0',b'0.0',b'0.0',b'0.0',b'0.0',b'0.0'
b'0.0',b'0.0',b'0.0',b'0.0',b'0.0',b'0.0',b'0.0',b'0.0',b'0.0',b'ABpraaaaaaaa'
b'0.0',b'0.0',b'0.0',b'0.0',b'0.0',b'0.0',b'0.0',b'0.0',b'0.0',b'ABpraaaaaaap'
b'0.0',b'0.0',b'0.0',b'0.0',b'0.0',b'0.0',b'0.0',b'0.0',b'0.0',b'ABpraaaaaapa'
b'0.0',b'0.0',b'0.0',b'0.0',b'0.0',b'0.0',b'0.0',b'0.0',b'0.0',b'ABpraaaaaapp'
b'0.0',b'0.0',b'0.0',b'0.0',b'0.0',b'0.0',b'0.0',b'0.0',b'0.0',b'0.0'
b'0.0',b'0.0',b'0.0',b'0.0',b'0.0',b'0.0',b'0.0',b'0.0',b'0.0',b'0.0'
b'0.0',b'0.0',b'0.0',b'0.0',b'0.0',b'0.0',b'0.0',b'0.0',b'0.0',b'0.0'
b'0.0',b'0.0',b'0.0',b'0.0',b'0.0',b'0.0',b'0.0',b'0.0',b'0.0',b'0.0'
b'0.0',b'0.0',b'0.0',b'0.0',b'0.0',b'0.0',b'0.0',b'0.0',b'0.0',b'0.0'
b'0.0',b'0.0',b'0.0',b'0.0',b'0.0',b'0.0',b'0.0',b'0.0',b'0.0',b'0.0'
b'0.0',b'0.0',b'0.0',b'0.0',b'0.0',b'0.0',b'0.0',b'0.0',b'0.0',b'0.0'
b'0.0',b'0.0',b'0.0',b'0.0',b'0.0',b'0.0',b'0.0',b'0.0',b'0.0',b'0.0'
b'0.0',b'0.0',b'0.0',b'0.0',b'0.0',b'0.0',b'0.0',b'0.0',b'0.0',b'ABpraaaappaa'
b'0.0',b'0.0',b'0.0',b'0.0',b'0.0',b'0.0',b'0.0',b'0.0',b'0.0',b'ABpraaaappap'
b'0.0',b'0.0',b'0.0',b'0.0',b'0.0',b'0.0',b'0.0',b'0.0',b'0.0',b'ABpraaaapppa'
b'0.0',b'0.0',b'0.0',b'0.0',b'0.0',b'0.0',b'0.0',b'0.0',b'0.0',b'ABpraaaapppp'
b'0.0',b'0.0',b'0.0',b'0.0',b'0.0',b'0.0',b'0.0',b'0.0',b'0.0',b'0.0'
b'0.0',b'0.0',b'0.0',b'0.0',b'0.0',b'0.0',b'0.0',b'0.0',b'0.0',b'0.0'
b'0.0',b'0.0',b'0.0',b'0.0',b'0.0',b'0.0',b'0.0',b'0.0',b'0.0',b'0.0'
b'0.0',b'0.0',b'0.0',b'0.0',b'0.0',b'0.0',b'0.0',b'0.0',b'0.0',b'0.0'
b'0.0',b'0.0',b'0.0',b'0.0',b'0.0',b'0.0',b'0.0',b'0.0',b'0.0',b'ABpraaapapaa'
b'0.0',b'0.0',b'0.0',b'0.0',b'0.0',b'0.0',b'0.0',b'0.0',b'0.0',b'ABpraaapapap'
b'0.0',b'0.0',b'0.0',b'0.0',b'0.0',b'0.0',b'0.0',b'0.0',b'0.0',b'0.0'
b'0.0',b'0.0',b'0.0',b'0.0',b'0.0',b'0.0',b'0.0',b'0.0',b'0.0',b'0.0'
b'0.0',b'0.0',b'0.0',b'0.0',b'0.0',b'0.0',b'0.0',b'0.0',b'0.0',b'0.0'
b'0.0',b'0.0',b'0.0',b'0.0',b'0.0',b'0.0',b'0.0',b'0.0',b'0.0',b'0.0'
b'0.0',b'0.0',b'0.0',b'0.0',b'0.0',b'0.0',b'0.0',b'0.0',b'0.0',b'0.0'
b'0.0',b'0.0',b'0.0',b'0.0',b'0.0',b'0.0',b'0.0',b'0.0',b'0.0',b'0.0'
b'0.0',b'0.0',b'0.0',b'0.0',b'0.0',b'0.0',b'0.0',b'0.0',b'0.0',b'ABpraaapppaa'
b'0.0',b'0.0',b'0.0',b'0.0',b'0.0',b'0.0',b'0.0',b'0.0',b'0.0',b'ABpraaapppap'
b'0.0',b'0.0',b'0.0',b'0.0',b'0.0',b'0.0',b'0.0',b'0.0',b'0.0',b'ABpraaappppa'
b'0.0',b'0.0',b'0.0',b'0.0',b'0.0',b'0.0',b'0.0',b'0.0',b'0.0',b'ABpraaappppp'
b'0.0',b'0.0',b'0.0',b'0.0',b'0.0',b'0.0',b'0.0',b'0.0',b'0.0',b'0.0'
b'0.0',b'0.0',b'0.0',b'0.0',b'0.0',b'0.0',b'0.0',b'0.0',b'0.0',b'0.0'
b'0.0',b'0.0',b'0.0',b'0.0',b'0.0',b'0.0',b'0.0',b'0.0',b'0.0',b'0.0'
b'0.0',b'0.0',b'0.0',b'0.0',b'0.0',b'0.0',b'0.0',b'0.0',b'0.0',b'0.0'
b'0.0',b'0.0',b'0.0',b'0.0',b'0.0',b'0.0',b'0.0',b'0.0',b'0.0',b'0.0'
b'0.0',b'0.0',b'0.0',b'0.0',b'0.0',b'0.0',b'0.0',b'0.0',b'0.0',b'0.0'
b'0.0',b'0.0',b'0.0',b'0.0',b'0.0',b'0.0',b'0.0',b'0.0',b'0.0',b'0.0'
b'0.0',b'0.0',b'0.0',b'0.0',b'0.0',b'0.0',b'0.0',b'0.0',b'0.0',b'0.0'
b'0.0',b'0.0',b'0.0',b'0.0',b'0.0',b'0.0',b'0.0',b'0.0',b'0.0',b'0.0'
b'0.0',b'0.0',b'0.0',b'0.0',b'0.0',b'0.0',b'0.0',b'0.0',b'0.0',b'0.0'
b'0.0',b'0.0',b'0.0',b'0.0',b'0.0',b'0.0',b'0.0',b'0.0',b'0.0',b'0.0'
b'0.0',b'0.0',b'0.0',b'0.0',b'0.0',b'0.0',b'0.0',b'0.0',b'0.0',b'0.0'
b'0.0',b'0.0',b'0.0',b'0.0',b'0.0',b'0.0',b'0.0',b'0.0',b'0.0',b'0.0'
b'0.0',b'0.0',b'0.0',b'0.0',b'0.0',b'0.0',b'0.0',b'0.0',b'0.0',b'0.0'
b'0.0',b'0.0',b'0.0',b'0.0',b'0.0',b'0.0',b'0.0',b'0.0',b'0.0',b'ABpraapapppa'
b'0.0',b'0.0',b'0.0',b'0.0',b'0.0',b'0.0',b'0.0',b'0.0',b'0.0',b'ABpraapapppp'
b'0.0',b'0.0',b'0.0',b'0.0',b'0.0',b'0.0',b'0.0',b'0.0',b'0.0',b'0.0'
b'0.0',b'0.0',b'0.0',b'0.0',b'0.0',b'0.0',b'0.0',b'0.0',b'0.0',b'0.0'
b'0.0',b'0.0',b'0.0',b'0.0',b'0.0',b'0.0',b'0.0',b'0.0',b'0.0',b'0.0'
b'0.0',b'0.0',b'0.0',b'0.0',b'0.0',b'0.0',b'0.0',b'0.0',b'0.0',b'0.0'
b'0.0',b'0.0',b'0.0',b'0.0',b'0.0',b'0.0',b'0.0',b'0.0',b'0.0',b'0.0'
b'0.0',b'0.0',b'0.0',b'0.0',b'0.0',b'0.0',b'0.0',b'0.0',b'0.0',b'0.0'
b'0.0',b'0.0',b'0.0',b'0.0',b'0.0',b'0.0',b'0.0',b'0.0',b'0.0',b'0.0'
b'0.0',b'0.0',b'0.0',b'0.0',b'0.0',b'0.0',b'0.0',b'0.0',b'0.0',b'0.0'
b'0.0',b'0.0',b'0.0',b'0.0',b'0.0',b'0.0',b'0.0',b'0.0',b'0.0',b'0.0'
b'0.0',b'0.0',b'0.0',b'0.0',b'0.0',b'0.0',b'0.0',b'0.0',b'0.0',b'0.0'
b'0.0',b'0.0',b'0.0',b'0.0',b'0.0',b'0.0',b'0.0',b'0.0',b'0.0',b'0.0'
b'0.0',b'0.0',b'0.0',b'0.0',b'0.0',b'0.0',b'0.0',b'0.0',b'0.0',b'0.0'
b'0.0',b'0.0',b'0.0',b'0.0',b'0.0',b'0.0',b'0.0',b'0.0',b'0.0',b'0.0'
b'0.0',b'0.0',b'0.0',b'0.0',b'0.0',b'0.0',b'0.0',b'0.0',b'0.0',b'0.0'
b'0.0',b'0.0',b'0.0',b'0.0',b'0.0',b'0.0',b'0.0',b'0.0',b'0.0',b'0.0'
b'0.0',b'0.0',b'0.0',b'0.0',b'0.0',b'0.0',b'0.0',b'0.0',b'0.0',b'0.0'
b'0.0',b'0.0',b'0.0',b'0.0',b'0.0',b'0.0',b'0.0',b'0.0',b'0.0',b'0.0'
b'0.0',b'0.0',b'0.0',b'0.0',b'0.0',b'0.0',b'0.0',b'0.0',b'0.0',b'0.0'
b'0.0',b'0.0',b'0.0',b'0.0',b'0.0',b'0.0',b'0.0',b'0.0',b'0.0',b'ABprapaaaapa'
b'0.0',b'0.0',b'0.0',b'0.0',b'0.0',b'0.0',b'0.0',b'0.0',b'0.0',b'ABprapaaaapp'
b'0.0',b'0.0',b'0.0',b'0.0',b'0.0',b'0.0',b'0.0',b'0.0',b'0.0',b'0.0'
b'0.0',b'0.0',b'0.0',b'0.0',b'0.0',b'0.0',b'0.0',b'0.0',b'0.0',b'0.0'
b'0.0',b'0.0',b'0.0',b'0.0',b'0.0',b'0.0',b'0.0',b'0.0',b'0.0',b'0.0'
b'0.0',b'0.0',b'0.0',b'0.0',b'0.0',b'0.0',b'0.0',b'0.0',b'0.0',b'0.0'
b'0.0',b'0.0',b'0.0',b'0.0',b'0.0',b'0.0',b'0.0',b'0.0',b'0.0',b'0.0'
b'0.0',b'0.0',b'0.0',b'0.0',b'0.0',b'0.0',b'0.0',b'0.0',b'0.0',b'0.0'
b'0.0',b'0.0',b'0.0',b'0.0',b'0.0',b'0.0',b'0.0',b'0.0',b'0.0',b'0.0'
b'0.0',b'0.0',b'0.0',b'0.0',b'0.0',b'0.0',b'0.0',b'0.0',b'0.0',b'0.0'
b'0.0',b'0.0',b'0.0',b'0.0',b'0.0',b'0.0',b'0.0',b'0.0',b'0.0',b'0.0'
b'0.0',b'0.0',b'0.0',b'0.0',b'0.0',b'0.0',b'0.0',b'0.0',b'0.0',b'0.0'
b'0.0',b'0.0',b'0.0',b'0.0',b'0.0',b'0.0',b'0.0',b'0.0',b'0.0',b'0.0'
b'0.0',b'0.0',b'0.0',b'0.0',b'0.0',b'0.0',b'0.0',b'0.0',b'0.0',b'0.0'
b'0.0',b'0.0',b'0.0',b'0.0',b'0.0',b'0.0',b'0.0',b'0.0',b'0.0',b'0.0'
b'0.0',b'0.0',b'0.0',b'0.0',b'0.0',b'0.0',b'0.0',b'0.0',b'0.0',b'0.0'
b'0.0',b'0.0',b'0.0',b'0.0',b'0.0',b'0.0',b'0.0',b'0.0',b'0.0',b'0.0'
b'0.0',b'0.0',b'0.0',b'0.0',b'0.0',b'0.0',b'0.0',b'0.0',b'0.0',b'0.0'
b'0.0',b'0.0',b'0.0',b'0.0',b'0.0',b'0.0',b'0.0',b'0.0',b'0.0',b'0.0'
b'0.0',b'0.0',b'0.0',b'0.0',b'0.0',b'0.0',b'0.0',b'0.0',b'0.0',b'0.0'
b'0.0',b'0.0',b'0.0',b'0.0',b'0.0',b'0.0',b'0.0',b'0.0',b'0.0',b'0.0'
b'0.0',b'0.0',b'0.0',b'0.0',b'0.0',b'0.0',b'0.0',b'0.0',b'0.0',b'0.0'
b'0.0',b'0.0',b'0.0',b'0.0',b'0.0',b'0.0',b'0.0',b'0.0',b'0.0',b'0.0'
b'0.0',b'0.0',b'0.0',b'0.0',b'0.0',b'0.0',b'0.0',b'0.0',b'0.0',b'0.0'
b'0.0',b'0.0',b'0.0',b'0.0',b'0.0',b'0.0',b'0.0',b'0.0',b'0.0',b'0.0'
b'0.0',b'0.0',b'0.0',b'0.0',b'0.0',b'0.0',b'0.0',b'0.0',b'0.0',b'0.0'
b'0.0',b'0.0',b'0.0',b'0.0',b'0.0',b'0.0',b'0.0',b'0.0',b'0.0',b'0.0'
b'0.0',b'0.0',b'0.0',b'0.0',b'0.0',b'0.0',b'0.0',b'0.0',b'0.0',b'0.0'
b'0.0',b'0.0',b'0.0',b'0.0',b'0.0',b'0.0',b'0.0',b'0.0',b'0.0',b'ABprapappppa'
b'0.0',b'0.0',b'0.0',b'0.0',b'0.0',b'0.0',b'0.0',b'0.0',b'0.0',b'ABprapappppp'
b'0.0',b'0.0',b'0.0',b'0.0',b'0.0',b'0.0',b'0.0',b'0.0',b'0.0',b'0.0'
b'0.0',b'0.0',b'0.0',b'0.0',b'0.0',b'0.0',b'0.0',b'0.0',b'0.0',b'0.0'
b'0.0',b'0.0',b'0.0',b'0.0',b'0.0',b'0.0',b'0.0',b'0.0',b'0.0',b'0.0'
b'0.0',b'0.0',b'0.0',b'0.0',b'0.0',b'0.0',b'0.0',b'0.0',b'0.0',b'0.0'
b'0.0',b'0.0',b'0.0',b'0.0',b'0.0',b'0.0',b'0.0',b'0.0',b'0.0',b'0.0'
b'0.0',b'0.0',b'0.0',b'0.0',b'0.0',b'0.0',b'0.0',b'0.0',b'0.0',b'0.0'
b'0.0',b'0.0',b'0.0',b'0.0',b'0.0',b'0.0',b'0.0',b'0.0',b'0.0',b'0.0'
b'0.0',b'0.0',b'0.0',b'0.0',b'0.0',b'0.0',b'0.0',b'0.0',b'0.0',b'0.0'
b'0.0',b'0.0',b'0.0',b'0.0',b'0.0',b'0.0',b'0.0',b'0.0',b'0.0',b'0.0'
b'0.0',b'0.0',b'0.0',b'0.0',b'0.0',b'0.0',b'0.0',b'0.0',b'0.0',b'0.0'
b'0.0',b'0.0',b'0.0',b'0.0',b'0.0',b'0.0',b'0.0',b'0.0',b'0.0',b'0.0'
b'0.0',b'0.0',b'0.0',b'0.0',b'0.0',b'0.0',b'0.0',b'0.0',b'0.0',b'0.0'
b'0.0',b'0.0',b'0.0',b'0.0',b'0.0',b'0.0',b'0.0',b'0.0',b'0.0',b'0.0'
b'0.0',b'0.0',b'0.0',b'0.0',b'0.0',b'0.0',b'0.0',b'0.0',b'0.0',b'0.0'
b'0.0',b'0.0',b'0.0',b'0.0',b'0.0',b'0.0',b'0.0',b'0.0',b'0.0',b'0.0'
b'0.0',b'0.0',b'0.0',b'0.0',b'0.0',b'0.0',b'0.0',b'0.0',b'0.0',b'0.0'
b'0.0',b'0.0',b'0.0',b'0.0',b'0.0',b'0.0',b'0.0',b'0.0',b'0.0',b'0.0'
b'0.0',b'0.0',b'0.0',b'0.0',b'0.0',b'0.0',b'0.0',b'0.0',b'0.0',b'0.0'
b'0.0',b'0.0',b'0.0',b'0.0',b'0.0',b'0.0',b'0.0',b'0.0',b'0.0',b'0.0'
b'0.0',b'0.0',b'0.0',b'0.0',b'0.0',b'0.0',b'0.0',b'0.0',b'0.0',b'0.0'
b'0.0',b'0.0',b'0.0',b'0.0',b'0.0',b'0.0',b'0.0',b'0.0',b'0.0',b'0.0'
b'0.0',b'0.0',b'0.0',b'0.0',b'0.0',b'0.0',b'0.0',b'0.0',b'0.0',b'0.0'
b'0.0',b'0.0',b'0.0',b'0.0',b'0.0',b'0.0',b'0.0',b'0.0',b'0.0',b'ABprapppappa'
b'0.0',b'0.0',b'0.0',b'0.0',b'0.0',b'0.0',b'0.0',b'0.0',b'0.0',b'ABprapppappp'
b'0.0',b'0.0',b'0.0',b'0.0',b'0.0',b'0.0',b'0.0',b'0.0',b'0.0',b'0.0'
b'0.0',b'0.0',b'0.0',b'0.0',b'0.0',b'0.0',b'0.0',b'0.0',b'0.0',b'0.0'
b'0.0',b'0.0',b'0.0',b'0.0',b'0.0',b'0.0',b'0.0',b'0.0',b'0.0',b'0.0'
b'0.0',b'0.0',b'0.0',b'0.0',b'0.0',b'0.0',b'0.0',b'0.0',b'0.0',b'0.0'
b'0.0',b'0.0',b'0.0',b'0.0',b'0.0',b'0.0',b'0.0',b'0.0',b'0.0',b'0.0'
b'0.0',b'0.0',b'0.0',b'0.0',b'0.0',b'0.0',b'0.0',b'0.0',b'0.0',b'0.0'
b'0.0',b'0.0',b'0.0',b'0.0',b'0.0',b'0.0',b'0.0',b'0.0',b'0.0',b'0.0'
b'0.0',b'0.0',b'0.0',b'0.0',b'0.0',b'0.0',b'0.0',b'0.0',b'0.0',b'0.0'
b'0.0',b'0.0',b'0.0',b'0.0',b'0.0',b'0.0',b'0.0',b'0.0',b'0.0',b'0.0'
b'0.0',b'0.0',b'0.0',b'0.0',b'0.0',b'0.0',b'0.0',b'0.0',b'0.0',b'0.0'
b'0.0',b'0.0',b'0.0',b'0.0',b'0.0',b'0.0',b'0.0',b'0.0',b'0.0',b'0.0'
b'0.0',b'0.0',b'0.0',b'0.0',b'0.0',b'0.0',b'0.0',b'0.0',b'0.0',b'0.0'
b'0.0',b'0.0',b'0.0',b'0.0',b'0.0',b'0.0',b'0.0',b'0.0',b'0.0',b'0.0'
b'0.0',b'0.0',b'0.0',b'0.0',b'0.0',b'0.0',b'0.0',b'0.0',b'0.0',b'0.0'
b'0.0',b'0.0',b'0.0',b'0.0',b'0.0',b'0.0',b'0.0',b'0.0',b'0.0',b'0.0'
b'0.0',b'0.0',b'0.0',b'0.0',b'0.0',b'0.0',b'0.0',b'0.0',b'0.0',b'0.0'
b'0.0',b'0.0',b'0.0',b'0.0',b'0.0',b'0.0',b'0.0',b'0.0',b'0.0',b'0.0'
b'0.0',b'0.0',b'0.0',b'0.0',b'0.0',b'0.0',b'0.0',b'0.0',b'0.0',b'0.0'
b'0.0',b'0.0',b'0.0',b'0.0',b'0.0',b'0.0',b'0.0',b'0.0',b'0.0',b'0.0'
b'0.0',b'0.0',b'0.0',b'0.0',b'0.0',b'0.0',b'0.0',b'0.0',b'0.0',b'0.0'
b'0.0',b'0.0',b'0.0',b'0.0',b'0.0',b'0.0',b'0.0',b'0.0',b'0.0',b'ABprpaaappaa'
b'0.0',b'0.0',b'0.0',b'0.0',b'0.0',b'0.0',b'0.0',b'0.0',b'0.0',b'ABprpaaappap'
b'0.0',b'0.0',b'0.0',b'0.0',b'0.0',b'0.0',b'0.0',b'0.0',b'0.0',b'ABprpaaapppa'
b'0.0',b'0.0',b'0.0',b'0.0',b'0.0',b'0.0',b'0.0',b'0.0',b'0.0',b'ABprpaaapppp'
b'0.0',b'0.0',b'0.0',b'0.0',b'0.0',b'0.0',b'0.0',b'0.0',b'0.0',b'0.0'
b'0.0',b'0.0',b'0.0',b'0.0',b'0.0',b'0.0',b'0.0',b'0.0',b'0.0',b'0.0'
b'0.0',b'0.0',b'0.0',b'0.0',b'0.0',b'0.0',b'0.0',b'0.0',b'0.0',b'0.0'
b'0.0',b'0.0',b'0.0',b'0.0',b'0.0',b'0.0',b'0.0',b'0.0',b'0.0',b'0.0'
b'0.0',b'0.0',b'0.0',b'0.0',b'0.0',b'0.0',b'0.0',b'0.0',b'0.0',b'0.0'
b'0.0',b'0.0',b'0.0',b'0.0',b'0.0',b'0.0',b'0.0',b'0.0',b'0.0',b'0.0'
b'0.0',b'0.0',b'0.0',b'0.0',b'0.0',b'0.0',b'0.0',b'0.0',b'0.0',b'0.0'
b'0.0',b'0.0',b'0.0',b'0.0',b'0.0',b'0.0',b'0.0',b'0.0',b'0.0',b'0.0'
b'0.0',b'0.0',b'0.0',b'0.0',b'0.0',b'0.0',b'0.0',b'0.0',b'0.0',b'0.0'
b'0.0',b'0.0',b'0.0',b'0.0',b'0.0',b'0.0',b'0.0',b'0.0',b'0.0',b'0.0'
b'0.0',b'0.0',b'0.0',b'0.0',b'0.0',b'0.0',b'0.0',b'0.0',b'0.0',b'0.0'
b'0.0',b'0.0',b'0.0',b'0.0',b'0.0',b'0.0',b'0.0',b'0.0',b'0.0',b'0.0'
b'0.0',b'0.0',b'0.0',b'0.0',b'0.0',b'0.0',b'0.0',b'0.0',b'0.0',b'0.0'
b'0.0',b'0.0',b'0.0',b'0.0',b'0.0',b'0.0',b'0.0',b'0.0',b'0.0',b'0.0'
b'0.0',b'0.0',b'0.0',b'0.0',b'0.0',b'0.0',b'0.0',b'0.0',b'0.0',b'ABprpaappppa'
b'0.0',b'0.0',b'0.0',b'0.0',b'0.0',b'0.0',b'0.0',b'0.0',b'0.0',b'ABprpaappppp'
b'0.0',b'0.0',b'0.0',b'0.0',b'0.0',b'0.0',b'0.0',b'0.0',b'0.0',b'0.0'
b'0.0',b'0.0',b'0.0',b'0.0',b'0.0',b'0.0',b'0.0',b'0.0',b'0.0',b'0.0'
b'0.0',b'0.0',b'0.0',b'0.0',b'0.0',b'0.0',b'0.0',b'0.0',b'0.0',b'0.0'
b'0.0',b'0.0',b'0.0',b'0.0',b'0.0',b'0.0',b'0.0',b'0.0',b'0.0',b'0.0'
b'0.0',b'0.0',b'0.0',b'0.0',b'0.0',b'0.0',b'0.0',b'0.0',b'0.0',b'0.0'
b'0.0',b'0.0',b'0.0',b'0.0',b'0.0',b'0.0',b'0.0',b'0.0',b'0.0',b'0.0'
b'0.0',b'0.0',b'0.0',b'0.0',b'0.0',b'0.0',b'0.0',b'0.0',b'0.0',b'0.0'
b'0.0',b'0.0',b'0.0',b'0.0',b'0.0',b'0.0',b'0.0',b'0.0',b'0.0',b'0.0'
b'0.0',b'0.0',b'0.0',b'0.0',b'0.0',b'0.0',b'0.0',b'0.0',b'0.0',b'0.0'
b'0.0',b'0.0',b'0.0',b'0.0',b'0.0',b'0.0',b'0.0',b'0.0',b'0.0',b'0.0'
b'0.0',b'0.0',b'0.0',b'0.0',b'0.0',b'0.0',b'0.0',b'0.0',b'0.0',b'0.0'
b'0.0',b'0.0',b'0.0',b'0.0',b'0.0',b'0.0',b'0.0',b'0.0',b'0.0',b'0.0'
b'0.0',b'0.0',b'0.0',b'0.0',b'0.0',b'0.0',b'0.0',b'0.0',b'0.0',b'0.0'
b'0.0',b'0.0',b'0.0',b'0.0',b'0.0',b'0.0',b'0.0',b'0.0',b'0.0',b'0.0'
b'0.0',b'0.0',b'0.0',b'0.0',b'0.0',b'0.0',b'0.0',b'0.0',b'0.0',b'0.0'
b'0.0',b'0.0',b'0.0',b'0.0',b'0.0',b'0.0',b'0.0',b'0.0',b'0.0',b'0.0'
b'0.0',b'0.0',b'0.0',b'0.0',b'0.0',b'0.0',b'0.0',b'0.0',b'0.0',b'0.0'
b'0.0',b'0.0',b'0.0',b'0.0',b'0.0',b'0.0',b'0.0',b'0.0',b'0.0',b'0.0'
b'0.0',b'0.0',b'0.0',b'0.0',b'0.0',b'0.0',b'0.0',b'0.0',b'0.0',b'0.0'
b'0.0',b'0.0',b'0.0',b'0.0',b'0.0',b'0.0',b'0.0',b'0.0',b'0.0',b'0.0'
b'0.0',b'0.0',b'0.0',b'0.0',b'0.0',b'0.0',b'0.0',b'0.0',b'0.0',b'0.0'
b'0.0',b'0.0',b'0.0',b'0.0',b'0.0',b'0.0',b'0.0',b'0.0',b'0.0',b'0.0'
b'0.0',b'0.0',b'0.0',b'0.0',b'0.0',b'0.0',b'0.0',b'0.0',b'0.0',b'0.0'
b'0.0',b'0.0',b'0.0',b'0.0',b'0.0',b'0.0',b'0.0',b'0.0',b'0.0',b'0.0'
b'0.0',b'0.0',b'0.0',b'0.0',b'0.0',b'0.0',b'0.0',b'0.0',b'0.0',b'0.0'
b'0.0',b'0.0',b'0.0',b'0.0',b'0.0',b'0.0',b'0.0',b'0.0',b'0.0',b'0.0'
b'0.0',b'0.0',b'0.0',b'0.0',b'0.0',b'0.0',b'0.0',b'0.0',b'0.0',b'0.0'
b'0.0',b'0.0',b'0.0',b'0.0',b'0.0',b'0.0',b'0.0',b'0.0',b'0.0',b'0.0'
b'0.0',b'0.0',b'0.0',b'0.0',b'0.0',b'0.0',b'0.0',b'0.0',b'0.0',b'0.0'
b'0.0',b'0.0',b'0.0',b'0.0',b'0.0',b'0.0',b'0.0',b'0.0',b'0.0',b'0.0'
b'0.0',b'0.0',b'0.0',b'0.0',b'0.0',b'0.0',b'0.0',b'0.0',b'0.0',b'0.0'
b'0.0',b'0.0',b'0.0',b'0.0',b'0.0',b'0.0',b'0.0',b'0.0',b'0.0',b'0.0'
b'0.0',b'0.0',b'0.0',b'0.0',b'0.0',b'0.0',b'0.0',b'0.0',b'0.0',b'0.0'
b'0.0',b'0.0',b'0.0',b'0.0',b'0.0',b'0.0',b'0.0',b'0.0',b'0.0',b'0.0'
b'0.0',b'0.0',b'0.0',b'0.0',b'0.0',b'0.0',b'0.0',b'0.0',b'0.0',b'ABprppaaaapa'
b'0.0',b'0.0',b'0.0',b'0.0',b'0.0',b'0.0',b'0.0',b'0.0',b'0.0',b'ABprppaaaapp'
b'0.0',b'0.0',b'0.0',b'0.0',b'0.0',b'0.0',b'0.0',b'0.0',b'0.0',b'0.0'
b'0.0',b'0.0',b'0.0',b'0.0',b'0.0',b'0.0',b'0.0',b'0.0',b'0.0',b'0.0'
b'0.0',b'0.0',b'0.0',b'0.0',b'0.0',b'0.0',b'0.0',b'0.0',b'0.0',b'0.0'
b'0.0',b'0.0',b'0.0',b'0.0',b'0.0',b'0.0',b'0.0',b'0.0',b'0.0',b'0.0'
b'0.0',b'0.0',b'0.0',b'0.0',b'0.0',b'0.0',b'0.0',b'0.0',b'0.0',b'0.0'
b'0.0',b'0.0',b'0.0',b'0.0',b'0.0',b'0.0',b'0.0',b'0.0',b'0.0',b'0.0'
b'0.0',b'0.0',b'0.0',b'0.0',b'0.0',b'0.0',b'0.0',b'0.0',b'0.0',b'0.0'
b'0.0',b'0.0',b'0.0',b'0.0',b'0.0',b'0.0',b'0.0',b'0.0',b'0.0',b'0.0'
b'0.0',b'0.0',b'0.0',b'0.0',b'0.0',b'0.0',b'0.0',b'0.0',b'0.0',b'0.0'
b'0.0',b'0.0',b'0.0',b'0.0',b'0.0',b'0.0',b'0.0',b'0.0',b'0.0',b'0.0'
b'0.0',b'0.0',b'0.0',b'0.0',b'0.0',b'0.0',b'0.0',b'0.0',b'0.0',b'0.0'
b'0.0',b'0.0',b'0.0',b'0.0',b'0.0',b'0.0',b'0.0',b'0.0',b'0.0',b'0.0'
b'0.0',b'0.0',b'0.0',b'0.0',b'0.0',b'0.0',b'0.0',b'0.0',b'0.0',b'0.0'
b'0.0',b'0.0',b'0.0',b'0.0',b'0.0',b'0.0',b'0.0',b'0.0',b'0.0',b'0.0'
b'0.0',b'0.0',b'0.0',b'0.0',b'0.0',b'0.0',b'0.0',b'0.0',b'0.0',b'0.0'
b'0.0',b'0.0',b'0.0',b'0.0',b'0.0',b'0.0',b'0.0',b'0.0',b'0.0',b'0.0'
b'0.0',b'0.0',b'0.0',b'0.0',b'0.0',b'0.0',b'0.0',b'0.0',b'0.0',b'0.0'
b'0.0',b'0.0',b'0.0',b'0.0',b'0.0',b'0.0',b'0.0',b'0.0',b'0.0',b'0.0'
b'0.0',b'0.0',b'0.0',b'0.0',b'0.0',b'0.0',b'0.0',b'0.0',b'0.0',b'0.0'
b'0.0',b'0.0',b'0.0',b'0.0',b'0.0',b'0.0',b'0.0',b'0.0',b'0.0',b'0.0'
b'0.0',b'0.0',b'0.0',b'0.0',b'0.0',b'0.0',b'0.0',b'0.0',b'0.0',b'0.0'
b'0.0',b'0.0',b'0.0',b'0.0',b'0.0',b'0.0',b'0.0',b'0.0',b'0.0',b'0.0'
b'0.0',b'0.0',b'0.0',b'0.0',b'0.0',b'0.0',b'0.0',b'0.0',b'0.0',b'0.0'
b'0.0',b'0.0',b'0.0',b'0.0',b'0.0',b'0.0',b'0.0',b'0.0',b'0.0',b'0.0'
b'0.0',b'0.0',b'0.0',b'0.0',b'0.0',b'0.0',b'0.0',b'0.0',b'0.0',b'0.0'
b'0.0',b'0.0',b'0.0',b'0.0',b'0.0',b'0.0',b'0.0',b'0.0',b'0.0',b'0.0'
b'0.0',b'0.0',b'0.0',b'0.0',b'0.0',b'0.0',b'0.0',b'0.0',b'0.0',b'0.0'
b'0.0',b'0.0',b'0.0',b'0.0',b'0.0',b'0.0',b'0.0',b'0.0',b'0.0',b'0.0'
b'0.0',b'0.0',b'0.0',b'0.0',b'0.0',b'0.0',b'0.0',b'0.0',b'0.0',b'0.0'
b'0.0',b'0.0',b'0.0',b'0.0',b'0.0',b'0.0',b'0.0',b'0.0',b'0.0',b'0.0'
b'0.0',b'0.0',b'0.0',b'0.0',b'0.0',b'0.0',b'0.0',b'0.0',b'0.0',b'0.0'
b'0.0',b'0.0',b'0.0',b'0.0',b'0.0',b'0.0',b'0.0',b'0.0',b'0.0',b'0.0'
b'0.0',b'0.0',b'0.0',b'0.0',b'0.0',b'0.0',b'0.0',b'0.0',b'0.0',b'0.0'
b'0.0',b'0.0',b'0.0',b'0.0',b'0.0',b'0.0',b'0.0',b'0.0',b'0.0',b'0.0'
b'0.0',b'0.0',b'0.0',b'0.0',b'0.0',b'0.0',b'0.0',b'0.0',b'0.0',b'0.0'
b'0.0',b'0.0',b'0.0',b'0.0',b'0.0',b'0.0',b'0.0',b'0.0',b'0.0',b'0.0'
b'0.0',b'0.0',b'0.0',b'0.0',b'0.0',b'0.0',b'0.0',b'0.0',b'0.0',b'0.0'
b'0.0',b'0.0',b'0.0',b'0.0',b'0.0',b'0.0',b'0.0',b'0.0',b'0.0',b'0.0'
b'0.0',b'0.0',b'0.0',b'0.0',b'0.0',b'0.0',b'0.0',b'0.0',b'0.0',b'0.0'
b'0.0',b'0.0',b'0.0',b'0.0',b'0.0',b'0.0',b'0.0',b'0.0',b'0.0',b'0.0'
b'0.0',b'0.0',b'0.0',b'0.0',b'0.0',b'0.0',b'0.0',b'0.0',b'0.0',b'0.0'
b'0.0',b'0.0',b'0.0',b'0.0',b'0.0',b'0.0',b'0.0',b'0.0',b'0.0',b'0.0'
b'0.0',b'0.0',b'0.0',b'0.0',b'0.0',b'0.0',b'0.0',b'0.0',b'0.0',b'0.0'
b'0.0',b'0.0',b'0.0',b'0.0',b'0.0',b'0.0',b'0.0',b'0.0',b'0.0',b'0.0'
b'0.0',b'0.0',b'0.0',b'0.0',b'0.0',b'0.0',b'0.0',b'0.0',b'0.0',b'0.0'
b'0.0',b'0.0',b'0.0',b'0.0',b'0.0',b'0.0',b'0.0',b'0.0',b'0.0',b'0.0'
b'0.0',b'0.0',b'0.0',b'0.0',b'0.0',b'0.0',b'0.0',b'0.0',b'0.0',b'0.0'
b'0.0',b'0.0',b'0.0',b'0.0',b'0.0',b'0.0',b'0.0',b'0.0',b'0.0',b'0.0'
b'0.0',b'0.0',b'0.0',b'0.0',b'0.0',b'0.0',b'0.0',b'0.0',b'0.0',b'0.0'
b'0.0',b'0.0',b'0.0',b'0.0',b'0.0',b'0.0',b'0.0',b'0.0',b'0.0',b'0.0'
b'0.0',b'0.0',b'0.0',b'0.0',b'0.0',b'0.0',b'0.0',b'0.0',b'0.0',b'0.0'
b'0.0',b'0.0',b'0.0',b'0.0',b'0.0',b'0.0',b'0.0',b'0.0',b'0.0',b'0.0'
b'0.0',b'0.0',b'0.0',b'0.0',b'0.0',b'0.0',b'0.0',b'0.0',b'0.0',b'0.0'
b'0.0',b'0.0',b'0.0',b'0.0',b'0.0',b'0.0',b'0.0',b'0.0',b'0.0',b'0.0'
b'0.0',b'0.0',b'0.0',b'0.0',b'0.0',b'0.0',b'0.0',b'0.0',b'0.0',b'0.0'
b'0.0',b'0.0',b'0.0',b'0.0',b'0.0',b'0.0',b'0.0',b'0.0',b'0.0',b'0.0'
b'0.0',b'0.0',b'0.0',b'0.0',b'0.0',b'0.0',b'0.0',b'0.0',b'0.0',b'0.0'
b'0.0',b'0.0',b'0.0',b'0.0',b'0.0',b'0.0',b'0.0',b'0.0',b'0.0',b'0.0'
b'0.0',b'0.0',b'0.0',b'0.0',b'0.0',b'0.0',b'0.0',b'0.0',b'0.0',b'0.0'
b'0.0',b'0.0',b'0.0',b'0.0',b'0.0',b'0.0',b'0.0',b'0.0',b'0.0',b'0.0'
